-- phpMyAdmin SQL Dump
-- version 5.2.1
-- https://www.phpmyadmin.net/
--
-- Host: 127.0.0.1
-- Generation Time: Aug 27, 2025 at 02:45 PM
-- Server version: 10.4.32-MariaDB
-- PHP Version: 8.0.30

SET SQL_MODE = "NO_AUTO_VALUE_ON_ZERO";
START TRANSACTION;
SET time_zone = "+00:00";


/*!40101 SET @OLD_CHARACTER_SET_CLIENT=@@CHARACTER_SET_CLIENT */;
/*!40101 SET @OLD_CHARACTER_SET_RESULTS=@@CHARACTER_SET_RESULTS */;
/*!40101 SET @OLD_COLLATION_CONNECTION=@@COLLATION_CONNECTION */;
/*!40101 SET NAMES utf8mb4 */;

--
-- Database: `莎莉好食`
--

-- --------------------------------------------------------

--
-- Table structure for table `customer`
--

CREATE TABLE `customer` (
  `id` int(11) NOT NULL,
  `name(abbreviation)` varchar(255) NOT NULL,
  `cus_code` varchar(255) NOT NULL,
  `line_id` varchar(255) NOT NULL,
  `is_active` tinyint(1) NOT NULL DEFAULT 1
) ENGINE=InnoDB DEFAULT CHARSET=utf8mb4 COLLATE=utf8mb4_general_ci;

--
-- Dumping data for table `customer`
--

INSERT INTO `customer` (`id`, `name(abbreviation)`, `cus_code`, `line_id`, `is_active`) VALUES
(1, '花蓮市農會超市貨品配送中心(團膳)', 'A1005', '', 1),
(2, '花蓮市農會田埔超市', 'A1006-5', '', 1),
(3, '榛品食堂機場餐飲部', 'A1014', '', 1),
(4, '新光兆豐股份有限公司花蓮分公司-鳥園區', 'A1016-2', '', 1),
(5, '香又香餐盒食品有限公司', 'A1019', '', 1),
(6, '阿思瑪麗景大飯店', 'A1022', '', 1),
(7, '勤天股份有限公司花蓮分公司', 'A1023', '', 1),
(8, '花蓮捷絲旅(中正館)', 'A1024', '', 1),
(9, '王記茶舖(中山店)', 'A1031', '', 1),
(10, 'S', 'A1031-1', '', 1),
(11, '福康飯店', 'A1037', '', 1),
(12, '迎星會館', 'A1038', '', 1),
(13, '東華大學湖畔餐廳', 'A1039', '', 1),
(14, 'JJ甜點研究所', 'A1039-1', '', 1),
(15, '遠來飯店', 'A1042', '', 1),
(16, '璽賓大飯店', 'A1045', '', 1),
(17, 'Lazy 懶惰蟲單車咖啡(璽賓)', 'A1045-1', '', 1),
(18, '花東客棧', 'A1058', '', 1),
(19, '承億文旅股份有限公司花蓮分公司', 'A1059', '', 1),
(20, '牛排先生(花商店)', 'A1065-1', '', 1),
(21, '松湖驛站', 'A1069', '', 1),
(22, '喜歡采風', 'A1072', '', 1),
(23, 'OOA', 'A1082', '', 1),
(24, '慈濟中學', 'A1084', '', 1),
(25, '慈濟大學建國校區', 'A1084-1', '', 1),
(26, '瑞穗天合國際觀光酒店股份有限公司', 'A1087', '', 1),
(27, '玫瑰香榭飯店有限公司', 'A1088', '', 1),
(28, '立川餐廳', 'A1096-1', '', 1),
(29, '蜆之館', 'A1096-2', '', 1),
(30, '東豐拾穗農場有限公司', 'A1098', '', 1),
(31, '禾德豐股份有限公司', 'A1098-1', '', 1),
(32, '農業部花蓮區農業改良場', 'A1099', '', 1),
(33, 'TC 慢旅 花蓮館(福品)', 'A1102', '', 1),
(34, '花蓮縣瑞穗鄉農會供銷部', 'A1103', '', 1),
(35, '經典假日飯店企業股份有限公司', 'A1106', '', 1),
(36, '門諾醫院(壽豐分院)', 'A1126', '', 1),
(37, '新美崙企業股份有限公司', 'A1128', '', 1),
(38, '新美崙企業股份有限公司(餐廳)', 'A1128-1', '', 1),
(39, '門諾-私人訂購', 'A1128-2', '', 1),
(40, '新美崙企業股份有限公司壽豐營業處', 'A1128-4', '', 1),
(41, '花蓮海悅酒店有限公司', 'A1140', '', 1),
(42, '富野大飯店股份有限公司花蓮分公司', 'A1144', '', 1),
(43, '花蓮假期有限公司', 'A3003', '', 1),
(44, '遠雄海洋公園股份有限公司', 'A3011', '', 1),
(45, '理想大地股份有限公司', 'A3012', '', 1),
(46, '七星潭渡假飯店有限公司', 'A3015', '', 1),
(47, '福容大飯店股份有限公司花蓮分公司', 'A3019', '', 1),
(48, '康正旅館(股)公司花蓮站前分公司', 'A4010', '', 1),
(49, '旅路股份有限公司', 'A4016', '', 1),
(50, '旅路股份-私人訂購', 'A4016-1', '', 1),
(51, '大使飯店', 'A4017', '', 1),
(52, '松之風(春風精品旅店有限公司)', 'A4018', '', 1),
(53, '五洲商務旅館', 'A4021', '', 1),
(54, '小小洋房', 'A4022', '', 1),
(55, '莎莉經典美食有限公司', 'B1001', '', 1),
(56, '莎莉原物', 'B1001-2', '', 1),
(57, '瑞麟美而美(德安店)', 'C1006', '', 1),
(58, '漢堡大師(建國店)', 'C1009', '', 1),
(59, '日嚐早餐店', 'C1011', '', 1),
(60, '初晨之食', 'C1012', '', 1),
(61, '四維美而', 'C1014', '', 1),
(62, '巨森早餐吧(國聯店)', 'C1016', '', 1),
(63, '肥滋滋', 'C1018', '', 1),
(64, '幸福日光', 'C1023', '', 1),
(65, '飛馬創意廚房', 'C1025', '', 1),
(66, '東洋早餐', 'C1026', '', 1),
(67, '大陳永吉利(僑藝)', 'C1028', '', 1),
(68, '巨林美而美(太昌店)', 'C1031', '', 1),
(69, '弘爺漢堡-花蓮香榭店', 'C1033', '', 1),
(70, '秝好碳烤吐司', 'C1039', '', 1),
(71, 'AMIS早午餐', 'C1040', '', 1),
(72, '來客早午餐', 'C1041', '', 1),
(73, '春日蛋餅', 'C1042', '', 1),
(74, '藍盤子早午餐(民權店)', 'C1044', '', 1),
(75, '金熹鍋(美崙店)', 'C1044-1', '', 1),
(76, '早人早餐店', 'C1045', '', 1),
(77, '水軒蔬食(活力素食)', 'C1047', '', 1),
(78, '日安活力早點(明禮店)', 'C1050', '', 1),
(79, '天美早餐店', 'C1051', '', 1),
(80, '貓語啡早午餐', 'C1052', '', 1),
(81, '飽足感早午餐', 'C1053', '', 1),
(82, '瑞麟美而美(北濱店)', 'C1054', '', 1),
(83, '早吃晚吃早午餐', 'C1056', '', 1),
(84, '綠水早餐', 'C1057', '', 1),
(85, '630早午餐', 'C1059', '', 1),
(86, '日安活力早餐(中正店)', 'C1062', '', 1),
(87, '富海餐飲俱樂部', 'C1063', '', 1),
(88, '稻香早餐', 'C1064', '', 1),
(89, '藍盤子早午餐(中美店)', 'C1065', '', 1),
(90, '早安山丘(和平店)', 'C1065-2', '', 1),
(91, '早安山丘(慈濟店)', 'C1065-3', '', 1),
(92, '早安山丘(仁里店)', 'C1065-4', '', 1),
(93, '早安山丘(福興店)', 'C1065-5', '', 1),
(94, '早安山丘(林森店)', 'C1065-6', '', 1),
(95, '愛時刻韓國奶油吐司專賣店', 'C1067', '', 1),
(96, '丸佳烤吐司', 'C1069', '', 1),
(97, '珍幸福早餐', 'C1070', '', 1),
(98, '華廈美而美(福興店)', 'C1071', '', 1),
(99, '恆恩素食早午餐', 'C1073', '', 1),
(100, '喬登堡', 'C1074', '', 1),
(101, '哈姆廚坊(郭榮市)', 'C1075', '', 1),
(102, '郭榮市食品有限公司', 'C1075-1', '', 1),
(103, '早。晚。在一起(香榭店)', 'C1076', '', 1),
(104, '華廈美而美(中正店)', 'C1076-1', '', 1),
(105, '小不點美而美', 'C1077', '', 1),
(106, '樸樂', 'C1079', '', 1),
(107, '三葉草晨堡', 'C1081', '', 1),
(108, '熊屋食堂', 'C1082', '', 1),
(109, '弘爺漢堡(北埔店)', 'C1083', '', 1),
(110, '弘爺漢堡(林森店)', 'C1085', '', 1),
(111, '自強早餐店', 'C1088', '', 1),
(112, '滋味早午餐', 'C1093', '', 1),
(113, '早點。手做早午餐', 'C1096', '', 1),
(114, '享早餐店(KT)', 'C1098', '', 1),
(115, '日李萬飢(找餐店)', 'C1101', '', 1),
(116, '原香早餐店', 'C1102', '', 1),
(117, '巨林美而美(民權店)', 'C1107', '', 1),
(118, '墨爾漢堡-花蓮美崙店', 'C1108', '', 1),
(119, '阿法洛早午餐', 'C1111', '', 1),
(120, '瑞麟美而美(東華店)', 'C1117', '', 1),
(121, '一起早午餐', 'C1119', '', 1),
(122, '早。晚。在一起(暙崙營業所)', 'C1120', '', 1),
(123, '城市漢堡(瑞穗店)', 'C1123', '', 1),
(124, '楊小姐', 'C1125', '', 1),
(125, '弘爺漢堡(吉安車站店)', 'C1130', '', 1),
(126, '美得美早餐店', 'C1131', '', 1),
(127, '麥町工房(花', 'C1132', '', 1),
(128, '鐵皮屋牧棧', 'C1134', '', 1),
(129, '傷心男孩俱樂部', 'C1135', '', 1),
(130, '弘爺漢堡(合盛店)', 'C1141', '', 1),
(131, '錡樂早餐', 'C1159', '', 1),
(132, '華廈美而美(建昌店)', 'C1184', '', 1),
(133, '麥樂多早餐', 'C1187', '', 1),
(134, '瓏麒早餐店', 'C1202', '', 1),
(135, '巨森早餐吧(廣東街)', 'C1214', '', 1),
(136, '寶媽早午餐店', 'C1216', '', 1),
(137, '慢吞吞手作碳烤吐司', 'C1222', '', 1),
(138, '早安樂活(樂活早午餐)', 'C1225', '', 1),
(139, '驚奇咖啡店', 'C2004', '', 1),
(140, '瑞麟美而美(志學店)', 'C2005', '', 1),
(141, '巧味香麵包店', 'C2007', '', 1),
(142, '甚好早午餐', 'C2010', '', 1),
(143, '巨林美而美(建國店)', 'C2011', '', 1),
(144, '時光旅人', 'C2018', '', 1),
(145, '花工合作社', 'D1002-3', '', 1),
(146, '四維高中', 'D1006', '', 1),
(147, '海星中學', 'D1017', '', 1),
(148, '妙賢幼兒園', 'D1024', '', 1),
(149, '海星幼兒園', 'D2005', '', 1),
(150, '吳甦樂幼兒園', 'D2005-1', '', 1),
(151, '仁里教保中心', 'D2005-3', '', 1),
(152, '曼波茶飲(北埔葵可立)', 'E1007', '', 1),
(153, '張家樹園', 'E1010', '', 1),
(154, '193夜貓食所', 'E1013', '', 1),
(155, '火車頭道地美式煙燻烤肉屋', 'E1019', '', 1),
(156, '豆號早午餐', 'E1027', '', 1),
(157, 'L行旅-秘密花園', 'E1029', '', 1),
(158, '美好餐室', 'E1035', '', 1),
(159, '張家韓園', 'E1038', '', 1),
(160, '初樂炸雞', 'E1041', '', 1),
(161, '常春藤農場民宿', 'E1045', '', 1),
(162, '常春藤商店', 'E1045-1', '', 1),
(163, '雲上太陽民宿', 'E1046', '', 1),
(164, '波西米亞民宿', 'E1056-1', '', 1),
(165, '茉白民宿', 'E1061', '', 1),
(166, '洄瀾窩青年旅舍(股)公司-2樓櫃檯', 'E1065-1', '', 1),
(167, '浪慢咖啡', 'E1069', '', 1),
(168, '流奶與蜜咖啡', 'E1074', '', 1),
(169, 'First FloorCaf\'e 壹樓貓咖啡', 'E1078', '', 1),
(170, '菇菇早餐店', 'E1079', '', 1),
(171, '張瑋烤肉蛋土司(信義店)', 'E1080', '', 1),
(172, '張瑋烤肉蛋土司(富國店)', 'E1080-1', '', 1),
(173, '張瑋烤肉蛋土司(中華店)', 'E1080-2', '', 1),
(174, '張瑋烤肉蛋土司(美崙店)', 'E1080-3', '', 1),
(175, '布拉格.咖啡', 'E1107', '', 1),
(176, '其益咖啡', 'E1108', '', 1),
(177, 'TAKO碳烤肉吐司', 'E1122', '', 1),
(178, '歐圖咖啡廚房(莊敬店)', 'E1160', '', 1),
(179, '早醒Hungry', 'E1163', '', 1),
(180, '聖托里尼民宿', 'E1172', '', 1),
(181, '塞維爾民宿', 'E1179', '', 1),
(182, '拉戈姆複合式廚房', 'E1182', '', 1),
(183, '凱強生有限公司(黑芭比)', 'E1184-1', '', 1),
(184, '伊諾咖啡館', 'E1186', '', 1),
(185, '呼吸民宿', 'E2015', '', 1),
(186, '東城假期有限公司', 'E2016', '', 1),
(187, '金湯達人咖啡館', 'E2018', '', 1),
(188, '秘密海', 'E2034', '', 1),
(189, '三隻無尾熊', 'E2036', '', 1),
(190, '臺灣咖啡(臺灣荷苞山(股)公司花蓮營業所)', 'E2040', '', 1),
(191, '斯圖亞特企業社', 'E2044-1', '', 1),
(192, 'CHAT BON', 'E2047', '', 1),
(193, '白金漢宮民宿', 'E2052', '', 1),
(194, '曼舒新城民宿', 'E2061', '', 1),
(195, '鮪魚家族飯店', 'E3005', '', 1),
(196, '瓊林書局(慈濟店)', 'H1020-1', '', 1),
(197, '博愛浸信會(財團法人中華基督教浸信會花蓮博愛堂)', 'H1022', '', 1),
(198, '長榮老人長期照顧中心', 'H1026', '', 1),
(199, '娜滋滋烤魚', 'H1029', '', 1),
(200, '陳貽堅先生', 'H1030', '', 1),
(201, '黎明教養院(2樓廚房)', 'H2003-2', '', 1),
(202, '洄瀾(中華1店', 'H2011', '', 1),
(203, '洄瀾(中華2店', 'H2011-1', '', 1),
(204, '洄瀾(中華3店', 'H2011-2', '', 1),
(205, '洄瀾(中山店)', 'H2011-3', '', 1),
(206, '洄瀾(站前店)', 'H2011-4', '', 1),
(207, '萊迦早午餐', 'I1003', '', 1),
(208, '華廈美而美(海岸店)', 'I1006', '', 1),
(209, '薇薇安', 'I1007', '', 1),
(210, '快樂早餐', 'I1009', '', 1),
(211, '巨森早餐吧(中美店)', 'I1012', '', 1),
(212, '中福美而美', 'I1013', '', 1),
(213, '市民小站(慈濟店)', 'I1014', '', 1),
(214, '萬佳鄉(南埔店)', 'I1018', '', 1),
(215, '漢堡大師(吉安海岸店)', 'I1019', '', 1),
(216, '茱莉早餐吧', 'I1020', '', 1),
(217, '莫尼早餐', 'I1023', '', 1),
(218, '莫尼早餐(中山店)', 'I1023-1', '', 1),
(219, '萬佳鄉(蓮晴店)', 'I1024', '', 1),
(220, '弘爺漢堡(花農店)', 'I1026', '', 1),
(221, '盛夏果實早午餐', 'I1028', '', 1),
(222, '華廈美而美(宜昌店)', 'I1033', '', 1),
(223, '華廈美而美(德安店)', 'I1034', '', 1),
(224, '按食吃吐司', 'I1035', '', 1),
(225, '小福美而美', 'I1036', '', 1),
(226, '鄉村漢堡(國聯店)', 'I1038', '', 1),
(227, '早安公雞', 'I1040', '', 1),
(228, '藍色貓頭鷹', 'I1041', '', 1),
(229, '美侖牛排', 'I1043', '', 1),
(230, '奶妹早餐店', 'I1044', '', 1),
(231, '弘爺(中華店)', 'I1045', '', 1),
(232, '玉山早餐店', 'I1048', '', 1),
(233, '弘爺漢堡(勝安店)', 'I1049', '', 1),
(234, '瑞樂絲餐飲', 'I1060', '', 1),
(235, '小森林安親班', 'I1066', '', 1),
(236, '小茶亭', 'I1067', '', 1),
(237, '蛋餅大王', 'I1069', '', 1),
(238, '麥町吐司工房(太魯閣店)', 'I1070', '', 1),
(239, 'SUN早餐', 'I1071', '', 1),
(240, '華廈美而美(林森店)', 'I1072', '', 1),
(241, '甲粗飽早午餐', 'I1073', '', 1),
(242, '阿勝早餐店', 'I1074', '', 1),
(243, '金螞蟻', 'I1075', '', 1),
(244, '再吃一口早午餐', 'I1076', '', 1),
(245, '鄉村漢堡(中美店)', 'I1079', '', 1),
(246, '宵郎', 'I1081', '', 1),
(247, '呀比早餐', 'I1082', '', 1),
(248, '弘爺漢堡(吉慶店)', 'I1084', '', 1),
(249, '弘爺漢堡(七星潭店)', 'I1084-1', '', 1),
(250, '弘爺漢堡(富吉店)', 'I1084-2', '', 1),
(251, '弘爺漢堡(中興店)', 'I1084-3', '', 1),
(252, 'To me 找餐殿', 'I1089', '', 1),
(253, '多福豆花(大禹店)', 'I1090', '', 1),
(254, '樂享早餐坊', 'I1091', '', 1),
(255, '5餅二魚中西式早餐店', 'I1094', '', 1),
(256, '弘爺漢堡(東華店)', 'I1096', '', 1),
(257, '弘爺漢堡(海岸店)', 'I1098', '', 1),
(258, '吃粗飽', 'I1099', '', 1),
(259, '吃粗飽(國富店)', 'I1099-1', '', 1),
(260, '艾摩斯廚房-美崙店', 'I1102', '', 1),
(261, '艾摩斯廚房-花商店', 'I1102-1', '', 1),
(262, '快樂早餐(東昌店)', 'I1103', '', 1),
(263, '萬佳鄉(北埔店)', 'I1109', '', 1),
(264, '弘爺漢堡(青年住宅店)', 'I1111', '', 1),
(265, '星享早午餐', 'I1113', '', 1),
(266, '弘爺漢堡(仁里店)', 'I1114', '', 1),
(267, '新格早餐店', 'I1119', '', 1),
(268, '弘爺漢堡(太昌店)', 'I1121', '', 1),
(269, '弘爺漢堡(北昌店)', 'I1121-1', '', 1),
(270, '荷包蛋早午餐店', 'I1121-2', '', 1),
(271, '弘爺漢堡(中美店)', 'I1121-3', '', 1),
(272, '弘爺漢堡(國聯店)', 'I1125', '', 1),
(273, '嗨微笑早午餐', 'I1127', '', 1),
(274, 'ZERO距離早午餐', 'I1134', '', 1),
(275, '鍾老師安親班', 'I1143', '', 1),
(276, '楊先生(麵包車)', 'I1144', '', 1),
(277, '米先生', 'I1148', '', 1),
(278, '大熊漢堡(自強店)', 'I1150', '', 1),
(279, '老船長早餐店', 'I1152', '', 1),
(280, '蛋餅熊', 'I1155', '', 1),
(281, '巨林美而美(花商店)', 'I1158', '', 1),
(282, '石頭的家', 'I1164', '', 1),
(283, '胡小姐(新社)', 'I1172', '', 1),
(284, '零售(未建檔的客戶都打在零售)：', 'H1001', '', 1),
(285, 'MP brunch', 'H1001', '', 1),
(286, '676中西式早午餐', 'H1001', '', 1),
(287, '野光', 'H1001', '', 1),
(288, '晨饅早午餐', 'H1001', '', 1),
(289, '英雄館櫃檯私人-蕭小姐', 'H1001', '', 1),
(290, '崇德微笑', 'H1001', '', 1),
(291, '花草田村', 'H1001', '', 1),
(292, '草太長', 'H1001', '', 1),
(293, ' 后山咖啡', 'H1001', '', 1),
(294, '珈琲鋪子', 'H1001', '', 1),
(295, '巷弄李咖啡廳', 'H1001', '', 1),
(296, '貓吃了叼魚', 'H1001', '', 1),
(297, '春天輕食養生健康館', 'H1001', '', 1),
(298, '買朋友', 'H1001', '', 1),
(299, '神攻沙威瑪(永吉利)', 'H1001', '', 1),
(300, 'No.7 Coffee ', 'H1001', '', 1),
(301, '欣食旅股份有限公司花蓮營業所(雄獅旅遊)', 'H1001', '', 1),
(302, '黃靜懿', 'H1001', '', 1),
(303, '榮次郎個人燒', 'H1001', '', 1),
(304, '微風星語民宿', 'H1001', '', 1),
(305, '想享散步', 'H1001', '', 1),
(306, '萊可早午餐', 'H1001', '', 1),
(307, '樂咖哩', 'H1001', '', 1),
(308, '花蓮善牧中心(花市順興路87號)', 'H1001', '', 1),
(309, '林詠倫', 'H1001', '', 1),
(310, '天空之城民宿', 'H1001', '', 1),
(311, '進發家手搖飲料店', 'H1001', '', 1),
(312, '吳先生0907-227499', 'H1001', '', 1),
(313, '羹漢早餐(在壽豐)', 'H1001', '', 1),
(314, '熊厚雞蛋吐司專賣店', 'H1001', '', 1),
(315, '漁夫民宿', 'H1001', '', 1),
(316, '隱食宅', 'H1001', '', 1),
(319, 'Ferdinan Big Store', 'Z1001', 'Ubee0d3574f6c58105631d9dfdf4ba444', 1),
(320, '慈濟大學', 'Z1005', '', 1);

-- --------------------------------------------------------

--
-- Table structure for table `item`
--

CREATE TABLE `item` (
  `id` int(11) NOT NULL,
  `item_code` varchar(30) NOT NULL,
  `item_name` varchar(255) NOT NULL,
  `category` varchar(50) NOT NULL
) ENGINE=InnoDB DEFAULT CHARSET=utf8mb4 COLLATE=utf8mb4_general_ci;

--
-- Dumping data for table `item`
--

INSERT INTO `item` (`id`, `item_code`, `item_name`, `category`) VALUES
(1, 'K8028', '白吐司 - 不切', '吐司'),
(2, 'K8005', '白吐司 - 1.3', '吐司'),
(3, 'K8005-1', '白吐司 - 1.3 (切邊)', '吐司'),
(4, 'K8004', '白吐司 - 1.5', '吐司'),
(5, 'K8004-1', '白吐司 - 1.5 (切邊)', '吐司'),
(6, 'K8027', '白吐司 - 1.9', '吐司'),
(7, 'K8027-1', '白吐司 - 1.9 (切邊)', '吐司'),
(8, 'K8006', '白吐司 - 2.5', '吐司'),
(9, 'K8006-1', '白吐司 - 2.5 (切邊)', '吐司'),
(10, 'K8003', '白吐司 - 3.0', '吐司'),
(11, 'K8003-1', '白吐司 - 3.0 (切邊)', '吐司'),
(12, 'K8065', '小麥胚芽吐司(不切)/條', '吐司'),
(13, 'K8024', '小麥胚芽吐司 1.3', '吐司'),
(14, 'K8024-1', '小麥胚芽吐司 1.3 (切邊)', '吐司'),
(15, 'K8025', '小麥胚芽吐司 1.5', '吐司'),
(16, 'K8025-1', '小麥胚芽吐司 1.5 (切邊)', '吐司'),
(17, 'K8052', '小麥胚芽吐司 1.9', '吐司'),
(18, 'K8052-1', '小麥胚芽吐司 1.9 (切邊)', '吐司'),
(19, 'K8026', '小麥胚芽吐司 2.5', '吐司'),
(20, 'K8026-1', '小麥胚芽吐司 2.5 (切邊)', '吐司'),
(21, 'K8031', '小麥胚芽吐司 3.0', '吐司'),
(22, 'K8031-1', '小麥胚芽吐司 3.0 (切邊)', '吐司'),
(23, 'K8066', '北海道吐司(不切)/條', '吐司'),
(24, 'K8016', '北海道吐司 1.3', '吐司'),
(25, 'K8016-1', '北海道吐司 1.3 (切邊)', '吐司'),
(26, 'K8041', '北海道吐司 1.5', '吐司'),
(27, 'K8041-1', '北海道吐司 1.5 (切邊)', '吐司'),
(28, 'K8017', '北海道吐司 1.9', '吐司'),
(29, 'K8017-1', '北海道吐司 1.9 (切邊)', '吐司'),
(30, 'K8019', '北海道吐司 2.5', '吐司'),
(31, 'K8019-1', '北海道吐司 2.5 (切邊)', '吐司'),
(32, 'K8014', '北海道吐司 3.0', '吐司'),
(33, 'K8014-1', '北海道吐司 3.0 (切邊)', '吐司'),
(34, 'K8002-4', '山型白吐司(1200g)-切1.3cm', '吐司'),
(35, 'K8002-3', '山型白吐司(1200g)-切1.5cm', '吐司'),
(36, 'K8002-2', '山型白吐司(1200g)-切1.9cm', '吐司'),
(37, 'K8002', '山型白吐司(1200g)-切2.5cm', '吐司'),
(38, 'K8002-1', '山型白吐司(1200g)-切3.0 cm', '吐司'),
(39, 'K8038-6', '山型北海道吐司(1000g)-不切', '吐司'),
(40, 'K8038-3', '山型北海道吐司(1000g)-1.3cm', '吐司'),
(41, 'K8038-1', '山型北海道吐司(1000g)-1.5cm', '吐司'),
(42, 'K8038', '山型北海道吐司(1000g)-1.9cm', '吐司'),
(43, 'K8038-2', '山型北海道吐司(1000g)-2.5cm', '吐司'),
(44, 'K8038-4', '山型北海道吐司(1000g)-3.0cm', '吐司'),
(45, 'K8038-8', '山型北海道吐司(1000g)-4.0cm', '吐司'),
(46, 'K8039', '山型北海道吐司(1200g)-1.9cm', '吐司'),
(47, 'K8035-2', '山型小麥胚芽吐司(1000g)-切1.3cm', '吐司'),
(48, 'K8035', '山型小麥胚芽吐司(1000g)-切1.5cm', '吐司'),
(49, 'K8035-1', '山型小麥胚芽吐司(1000g)-切1.9cm', '吐司'),
(50, 'K8035-4', '山型小麥胚芽吐司(1000g)-切2.5cm', '吐司'),
(51, 'K8035-3', '山型小麥胚芽吐司(1000g)-切3.0cm', '吐司'),
(52, 'K8073-0', '圓頂北海道吐司/條-切1.3cm', '吐司'),
(53, 'K8073', '圓頂北海道吐司/條-切1.5cm', '吐司'),
(54, 'K8073-2', '圓頂北海道吐司/條-切1.9cm', '吐司'),
(55, 'K8073-1', '圓頂北海道吐司/條-切2.5cm', '吐司'),
(56, 'K8044', '營養吐司 1.3cm', '吐司'),
(57, 'K8044-1', '營養吐司 2.5cm', '吐司'),
(58, 'K8046', '營養吐司 3cm', '吐司'),
(59, '4710747780344', '白吐司(半條)400g/包', '吐司'),
(60, '4710747780337', '北海道吐司-切 1.5 cm /包', '吐司'),
(61, '4710747780382', '紅豆吐司', '吐司'),
(62, '4710747780375', '芋頭吐司', '吐司'),
(63, '4710747780405', '奶酥吐司', '吐司'),
(64, '4710747780399', '椰子吐司', '吐司'),
(65, 'k5005', '漢堡', '麵包'),
(66, 'k5005-1', '漢堡( 切)', '麵包'),
(67, 'k5005-2', '漢堡( 完全切斷)', '麵包'),
(68, 'k5005-4', '漢堡( 不切)-不灑芝麻', '麵包'),
(69, 'k5005-3', '漢堡( 切)-不灑芝麻', '麵包'),
(70, 'K5017-1', '小麥胚芽漢堡(70g)(不切)', '麵包'),
(71, 'K5017', '小麥胚芽漢堡(70g)(全切)', '麵包'),
(72, 'k4005-1', '長堡(不切)', '麵包'),
(73, 'k4005', '長堡(切)', '麵包'),
(74, 'k4006', '沙拉堡', '麵包'),
(75, 'K1176', '福堡', '麵包'),
(76, 'K1176-1', '福堡(完全切斷)', '麵包'),
(77, 'K9015-1', '起士圓堡', '麵包'),
(78, 'K4011-2', '大餐包110g', '麵包'),
(79, 'K4011-3', '大餐包110g(完全切斷)', '麵包'),
(80, 'K7003', '貝果', '麵包'),
(81, 'K7003-1', '貝果(切)', '麵包'),
(82, '5606198', '菠蘿堡', '麵包'),
(83, 'K1202', '菠蘿堡(完全切斷)', '麵包'),
(84, '5606183-1', '雜糧堡80g(不切)', '麵包'),
(85, '5606183', '雜糧堡80g(完全切斷)', '麵包'),
(86, 'K1186', '雜糧福堡', '麵包'),
(87, 'K1186-1', '雜糧福堡(全切)', '麵包'),
(88, 'K4014', '竹碳堡110g', '麵包'),
(89, 'K4006-3', '竹炭沙拉堡', '麵包'),
(90, 'K1131', '楓糖可頌(拉直版)', '麵包'),
(91, 'K9015', '起士長堡', '麵包'),
(92, 'K9031', '法式潛艇堡', '麵包'),
(93, 'k9002', '法國長條', '麵包'),
(94, 'K6022', '雜糧長條', '麵包'),
(95, 'k4002', '小餐包(20個/包)', '麵包'),
(96, 'K4012', '奶油小餐包(20個/包)', '麵包'),
(97, 'K4003', '爆漿餐包(20個/包)', '麵包'),
(98, '4710747781464', '克林姆餐包(20個/包)', '麵包'),
(99, 'K4020', '奶酥餐包(20個/包)', '麵包'),
(100, '4710747780146', '菠蘿餐包(15個/包)', '麵包'),
(101, 'K4016', '芋泥餐包(20個/包)', '麵包'),
(102, 'K1150', '紅豆餐包(20個/包)', '麵包'),
(103, 'K4047', '花生餐包(20個/包)', '麵包'),
(104, 'K4007', '小麥胚芽餐包(20個/包)', '麵包'),
(105, 'k7002', '牛角餐包(20個/包)', '麵包'),
(106, 'K1196', '肉鬆麵包', '麵包'),
(107, '4710747780016', '菠蘿麵包', '麵包'),
(108, '4710747780023', '紅豆麵包', '麵包'),
(109, '4710747780047', '奶酥麵包', '麵包'),
(110, '4710747780078', '花生麵包', '麵包'),
(111, '4710747780085', '芋泥麵包', '麵包'),
(112, '4710747780092', '椰子麵包', '麵包'),
(113, '4710747780108', '克林姆麵包', '麵包'),
(114, '4710747780542', '奶油布丁麵包', '麵包'),
(115, '4710747780115', '墨西哥麵包', '麵包'),
(116, '4710747780641', '蔥花麵包', '麵包'),
(117, '4710747781273', '蛋黃奶油麵包', '麵包'),
(118, '4710747780030', '巧克力菠蘿麵包', '麵包'),
(119, '4710747780153', '肉鬆菠蘿麵包', '麵包'),
(120, '4710747780580', '號角麵包', '麵包'),
(121, '4710747780207', '椰子藍莓麵包', '麵包'),
(122, '4710747780245', '葡萄小吐司', '麵包'),
(123, '4710747780160', '炸彈肉鬆麵包', '麵包'),
(124, '4710747780177', '炸彈奶酥麵包', '麵包'),
(125, '4710747780610', '蔥捲麵包', '麵包'),
(126, '4710747780443', '巧克力葡萄奶酥', '麵包'),
(127, '4710747780863', '可頌牛角菠蘿', '麵包'),
(128, '4710747780184', '起酥奶酥', '麵包'),
(129, '4710747780221', '起酥肉鬆', '麵包'),
(130, '4710747780764', '羅宋麵包', '麵包'),
(131, '4710088806017', '起士貝果', '麵包'),
(132, '4710088806116', '藍莓貝果(夾餡)', '麵包'),
(133, 'K4047-1', '花生麵包60g', '麵包'),
(134, '4710747780047', '奶酥麵包60g', '麵包'),
(135, 'K1007', '蛋黃奶油60g', '麵包'),
(136, 'K1074', '紅豆麵包60g', '麵包'),
(137, 'K1050', '菠蘿麵包60g', '麵包'),
(138, '4710747780108', '克林姆麵包60g', '麵包'),
(139, 'K1089', '芋泥麵包60g', '麵包'),
(140, 'K1204', '椰子麵包60g', '麵包'),
(141, 'K8032', '咖啡脆皮麵包', '麵包'),
(142, '4710747781501', '歐克麵包', '麵包'),
(143, 'K1120', '牛奶哈斯', '麵包'),
(144, '4710747780481', '圓模巧克力蛋糕', '蛋糕'),
(145, '4710747781259', '蜜雪蛋糕', '蛋糕'),
(146, '4710747781150', '小海棉', '蛋糕'),
(147, '4710747781044', '海棉蛋糕', '蛋糕'),
(148, '4710747780900', '迷你蛋糕(5入)', '蛋糕'),
(149, '5606131', '杯子蛋糕(原味)', '蛋糕'),
(150, 'M5114', '杯子蛋糕(巧克力)', '蛋糕'),
(151, 'L3006', '波士頓派(不夾餡)', '蛋糕'),
(152, '4710747783338', '波士頓布丁派(夾一層)', '蛋糕'),
(153, 'L008', '波士頓雙層布丁派(8吋)', '蛋糕'),
(154, 'L3026', '波士頓芋頭布丁派(8吋)', '蛋糕'),
(155, 'L006', '乳酪蛋榚(8吋)低', '蛋糕'),
(156, 'M2002', '提拉米蘇(8吋)低', '蛋糕'),
(157, 'M5007', '黑森林蛋糕(8吋)低', '蛋糕'),
(158, 'M1002', '慕斯蛋糕-藍莓(8吋)低', '蛋糕'),
(159, 'L1031', '濃巧克力蛋糕(8吋)低', '蛋糕'),
(160, 'L003', '雪花蛋糕(8吋)低', '蛋糕'),
(161, 'L013', '巧克力乳酪蛋糕(8吋)低', '蛋糕'),
(162, 'L1026', '鏡面巧克力蛋糕(8吋)低', '蛋糕'),
(163, 'M5107', '香草蛋糕捲36cm/條', '蛋糕'),
(164, 'M5075', '草莓蛋糕捲36cm/條', '蛋糕'),
(165, 'M5113', '巧克力蛋糕捲36cm/條', '蛋糕'),
(166, 'L2029', '乳酪方塊蛋糕(3cm*4cm)35/盒', '蛋糕'),
(167, 'L2003', '歐式小點3*4(35個/盒)', '蛋糕'),
(168, 'L2004', '日式巧克力方塊蛋糕3*4(35個/盒)', '蛋糕'),
(226, 'F2017-1', '乳酪絲(安倖日高/帕米桑)(美)(1kg*6包/箱)  kg', '原物料'),
(243, 'K1174', 'Q心福堡', '堡類'),
(862, '4710747780054', '蛋糕', '蛋糕'),
(863, '4710747780733', '柚子鹽(甘味) 100g/罐', '其它'),
(864, '4710747780818', '貳拾元麵包', '麵包'),
(865, '4710747780894', '柚子鹽(甘味)(大) 900g/罐', '其它'),
(866, '4710747780988', '黑森林(切片)-1開12', '蛋糕'),
(867, '4710747781143', '奶油酥條(18入/盒)', '西點點心'),
(868, '4710747783154', '參拾元麵包', '麵包'),
(869, '4710747783284', '柚花乃香啤酒/瓶', '酒'),
(870, '4710747783314', '乳酪蛋糕', '蛋糕'),
(871, '4710747789132', '阿部多大樂啤酒5%(330ml+5%/瓶)(24瓶/箱)  瓶', '酒'),
(872, '4710747789149', '藍莓慕斯-1開12', '蛋糕'),
(873, '4710747789163', '黑粒仔麥造啤酒(330ml+5%/瓶)(24瓶/箱)  瓶', '酒'),
(874, '4710747789255', '阿部多大樂啤酒(5公升/桶、5度)  桶', '酒'),
(875, '4710747789911', '旦是柚何奈5%(330ml+5%/瓶)(24瓶/箱)  瓶', '酒'),
(876, 'A1033', '麵粉(低筋/野牛)(25kg/包)  kg', '原物料'),
(877, 'A1045', '麵粉(特級高筋1號/優朵)22kg/包　kg', '原物料'),
(878, 'A2005', '香草粉(大億)(1kg/包)　kg', '原物料'),
(879, 'A2009', '花生粉(6kg/包)   kg', '原物料'),
(880, 'A2107', '竹炭粉(荷麥/黑金) 1kg/包    kg', '原物料'),
(881, 'A4060', '奶粉(26%全脂/紐西蘭/open country)(25kg/袋)  kg', '原物料'),
(882, 'B1004', '細砂糖(台糖)*25kg/包  kg', '原物料'),
(883, 'B1022', '糖粉(防潮/德麥白雪)(1kg/包*25包/箱)  kg', '原物料'),
(884, 'B2013', '沙拉油(台糖)*18kg/桶    kg', '原物料'),
(885, 'B3003', '蛋糕專用脂(長春)(桃) 1kg/罐*12罐/箱　kg', '原物料'),
(886, 'B3016', '歐牧奶霜(1L/瓶*12瓶/箱)  kg', '原物料'),
(887, 'B3062', '鮮奶油(維益/鑽石牌/藍帶專用脂/26%無糖動植物)(1kg*12罐/箱)  　kg', '原物料'),
(888, 'B3086', '19號有鹽發酵奶油( 5kg*4個/箱)  kg', '原物料'),
(889, 'B3090', '杏仁奶油餡　kg', '原物料'),
(890, 'B3095-2', '鮮奶油乾乳酪(澳洲SUNGOLD) 2kg/箱　kg', '原物料'),
(891, 'B4025', '蔓越莓乾(藍莓口味)[25磅]   11.35kg/箱  kg', '原物料'),
(892, 'B5001', '雞蛋 20斤/籃  斤', '原物料'),
(893, 'B7001', '鏡面果膠(5kg/桶)   kg', '原物料'),
(894, 'B8026', '1/16核桃(加州特級/美國進口)(13.5kg*30磅/箱)  kg', '原物料'),
(895, 'B8041', '蔓越莓乾(美國)(切半) (11.25kg(25磅)/箱)　kg', '原物料'),
(896, 'C3007', '蘭姆酒-玉台(600ML/瓶)公賣局  瓶', '原物料'),
(897, 'C6002', '巧克力片(特級深黑/苦甜)(正香軒)(1kg/包*10片/箱)　kg', '原物料'),
(898, 'C7013', '花蓮純芋頭餡(3kg*包/8包*箱)   kg', '原物料'),
(899, 'C7034', '夾層布丁(波士頓派用) kg/盒', '原物料'),
(900, 'C7111', '芋泥餡(3kg/包)　kg', '原物料'),
(901, 'D5024', '雪莓娘片11*11-新(120片/盒*24盒/箱)   片', '原物料'),
(902, 'D5053', 'QQ球巧克力(031165240)6.0kg(34g)(50個/包)(4包/箱)  箱', '冷凍麵團'),
(903, 'D5075', '披薩麵團200g', '冷凍麵團'),
(904, 'D5095', '起士QQ麵糰 25g(台灣) (400個/箱)　個', '冷凍麵團'),
(905, 'D7012-1', '冷凍蛋塔皮(未壓型)(240個/箱)  個', '冷凍麵團'),
(907, 'G1044', '鋁紙杯-17A【72*20】 60*【1000入/支 】 個', '包材'),
(908, 'G4112-1', '餐盒(9K米朵)(小)(600個/箱)    個', '包材'),
(909, 'G4121-1', '餐盒(6K/中/自由工坊)500個/箱　個', '包材'),
(910, 'G4125', '蛋糕盒20.7x8x7cm(甜點情緣/附白盤+卡繩)A10-21    組', '包材'),
(911, 'G9021', '圍邊紙OPP透明 6*30   張', '包材'),
(912, 'H1029', '鋁箔紙17A-保利 (1000個/包)   個', '包材'),
(913, 'H5034-3', '8吋提拉米蘇(雅爵樂章24x24x8.5cm)(BP429)(公版)(盒+咖啡托盤)(200組/箱)   組', '包材'),
(914, 'K1097', '黑糖蔓越莓胚芽乳酪麵包', '麵包'),
(916, 'K1180', '克林姆麵包60g(50g麵糰,20g餡)', '麵包'),
(917, 'K2020', '可頌麵包55g(64個/箱)  個', '麵包'),
(918, 'K4011-6', '大餐包130g(全切)', '堡類'),
(919, 'K5008', '報廢麵包/15kg*包', '其它'),
(920, 'K5009', '奶酥麵包60g(50g麵糰,20g餡)', '麵包'),
(921, 'K9001', '麵包盅100g(大)', '麵包'),
(922, 'L3011', '波士頓OREO巧克力布丁派 /盒', '蛋糕'),
(923, 'L3025', '波士頓芒果派/盒', '蛋糕'),
(924, 'M5035', '小海棉蛋糕', '蛋糕'),
(925, 'M5063', '芋頭蛋糕捲36cm/條', '蛋糕'),
(926, 'M5066', '蜂蜜蛋糕捲36cm/條', '蛋糕'),
(927, 'M5097', '芋泥蛋糕捲「oni捲」', '蛋糕'),
(928, 'N1021', '石頭小甜餅/盒', '西點點心'),
(929, 'N1065', '棒蛋糕', '蛋糕'),
(930, 'N1084', '綜合蔬果乾Q糖  200g/包', '西點點心'),
(931, 'N1106', '杯子蛋糕(2入)/包', '蛋糕'),
(932, 'N1118', '草莓檸檬小蛋糕(3入/盒)', '蛋糕'),
(933, 'P2010', '數字蠟燭-5號(50支/盒)', '其它'),
(934, 'P2015', '數字蠟燭-?號(50支/盒)  支', '其它'),
(935, 'P3002', '手套 9\"(PVC)  50入*10包/箱    包', '其它'),
(936, 'P3008', '手套(藍色/P0945NBR)(50雙/盒/240元*10盒/箱)  盒', '其它'),
(937, 'P9025', '托刀  100入/包', '其它'),
(938, 'P9105', '金沙芋泥可頌', '麵包'),
(942, 'PB123', '測試的產品', '麵包');

-- --------------------------------------------------------

--
-- Table structure for table `orders`
--

CREATE TABLE `orders` (
  `id` bigint(20) NOT NULL,
  `customer_id` int(11) NOT NULL,
  `shipment_date` datetime NOT NULL,
  `remarks` varchar(500) DEFAULT NULL,
  `order_time` timestamp NOT NULL DEFAULT current_timestamp()
) ENGINE=InnoDB DEFAULT CHARSET=utf8mb4 COLLATE=utf8mb4_general_ci;

--
-- Dumping data for table `orders`
--

INSERT INTO `orders` (`id`, `customer_id`, `shipment_date`, `remarks`, `order_time`) VALUES
(280, 1, '2025-08-22 09:00:00', 'Initial order for customer 1 - 花蓮市農會超市貨品配送中心(團膳)', '2025-08-19 02:43:19'),
(281, 2, '2025-08-22 09:03:00', 'Initial order for customer 2 - 花蓮市農會田埔超市', '2025-08-19 02:43:19'),
(282, 3, '2025-08-22 09:06:00', 'Initial order for customer 3 - 榛品食堂機場餐飲部', '2025-08-19 02:43:19'),
(283, 4, '2025-08-22 09:09:00', 'Initial order for customer 4 - 新光兆豐股份有限公司花蓮分公司-鳥園區', '2025-08-19 02:43:19'),
(284, 5, '2025-08-22 09:12:00', 'Initial order for customer 5 - 香又香餐盒食品有限公司', '2025-08-19 02:43:19'),
(285, 6, '2025-08-22 09:15:00', 'Initial order for customer 6 - 阿思瑪麗景大飯店', '2025-08-19 02:43:19'),
(286, 7, '2025-08-22 09:18:00', 'Initial order for customer 7 - 勤天股份有限公司花蓮分公司', '2025-08-19 02:43:19'),
(287, 8, '2025-08-22 09:21:00', 'Initial order for customer 8 - 花蓮捷絲旅(中正館)', '2025-08-19 02:43:19'),
(288, 9, '2025-08-22 09:24:00', 'Initial order for customer 9 - 王記茶舖(中山店)', '2025-08-19 02:43:19'),
(289, 10, '2025-08-22 09:27:00', 'Initial order for customer 10 - S', '2025-08-19 02:43:19'),
(290, 11, '2025-08-22 09:30:00', 'Initial order for customer 11 - 福康飯店', '2025-08-19 02:43:19'),
(291, 12, '2025-08-22 09:33:00', 'Initial order for customer 12 - 迎星會館', '2025-08-19 02:43:19'),
(292, 13, '2025-08-22 09:36:00', 'Initial order for customer 13 - 東華大學湖畔餐廳', '2025-08-19 02:43:19'),
(293, 14, '2025-08-22 09:39:00', 'Initial order for customer 14 - JJ甜點研究所', '2025-08-19 02:43:19'),
(294, 15, '2025-08-22 09:42:00', 'Initial order for customer 15 - 遠來飯店', '2025-08-19 02:43:19'),
(295, 16, '2025-08-22 09:45:00', 'Initial order for customer 16 - 璽賓大飯店', '2025-08-19 02:43:19'),
(296, 17, '2025-08-22 09:48:00', 'Initial order for customer 17 - Lazy 懶惰蟲單車咖啡(璽賓)', '2025-08-19 02:43:19'),
(297, 18, '2025-08-22 09:51:00', 'Initial order for customer 18 - 花東客棧', '2025-08-19 02:43:19'),
(298, 19, '2025-08-22 09:54:00', 'Initial order for customer 19 - 承億文旅股份有限公司花蓮分公司', '2025-08-19 02:43:19'),
(299, 20, '2025-08-22 09:57:00', 'Initial order for customer 20 - 牛排先生(花商店)', '2025-08-19 02:43:19'),
(300, 21, '2025-08-22 10:00:00', 'Initial order for customer 21 - 松湖驛站', '2025-08-19 02:43:19'),
(301, 22, '2025-08-22 10:03:00', 'Initial order for customer 22 - 喜歡采風', '2025-08-19 02:43:19'),
(302, 23, '2025-08-22 10:06:00', 'Initial order for customer 23 - OOA', '2025-08-19 02:43:19'),
(303, 24, '2025-08-22 10:09:00', 'Initial order for customer 24 - 慈濟中學', '2025-08-19 02:43:19'),
(304, 25, '2025-08-22 10:12:00', 'Initial order for customer 25 - 慈濟大學建國校區', '2025-08-19 02:43:19'),
(305, 26, '2025-08-22 10:15:00', 'Initial order for customer 26 - 瑞穗天合國際觀光酒店股份有限公司', '2025-08-19 02:43:19'),
(306, 27, '2025-08-22 10:18:00', 'Initial order for customer 27 - 玫瑰香榭飯店有限公司', '2025-08-19 02:43:19'),
(307, 28, '2025-08-22 10:21:00', 'Initial order for customer 28 - 立川餐廳', '2025-08-19 02:43:19'),
(308, 29, '2025-08-22 10:24:00', 'Initial order for customer 29 - 蜆之館', '2025-08-19 02:43:19'),
(309, 30, '2025-08-22 10:27:00', 'Initial order for customer 30 - 東豐拾穗農場有限公司', '2025-08-19 02:43:19'),
(310, 31, '2025-08-22 10:30:00', 'Initial order for customer 31 - 禾德豐股份有限公司', '2025-08-19 02:43:19'),
(311, 32, '2025-08-22 10:33:00', 'Initial order for customer 32 - 農業部花蓮區農業改良場', '2025-08-19 02:43:19'),
(312, 33, '2025-08-22 10:36:00', 'Initial order for customer 33 - TC 慢旅 花蓮館(福品)', '2025-08-19 02:43:19'),
(313, 34, '2025-08-22 10:39:00', 'Initial order for customer 34 - 花蓮縣瑞穗鄉農會供銷部', '2025-08-19 02:43:19'),
(314, 35, '2025-08-22 10:42:00', 'Initial order for customer 35 - 經典假日飯店企業股份有限公司', '2025-08-19 02:43:19'),
(315, 36, '2025-08-22 10:45:00', 'Initial order for customer 36 - 門諾醫院(壽豐分院)', '2025-08-19 02:43:19'),
(316, 37, '2025-08-22 10:48:00', 'Initial order for customer 37 - 新美崙企業股份有限公司', '2025-08-19 02:43:19'),
(317, 38, '2025-08-22 10:51:00', 'Initial order for customer 38 - 新美崙企業股份有限公司(餐廳)', '2025-08-19 02:43:19'),
(318, 39, '2025-08-22 10:54:00', 'Initial order for customer 39 - 門諾-私人訂購', '2025-08-19 02:43:19'),
(319, 40, '2025-08-22 10:57:00', 'Initial order for customer 40 - 新美崙企業股份有限公司壽豐營業處', '2025-08-19 02:43:19'),
(320, 41, '2025-08-22 11:00:00', 'Initial order for customer 41 - 花蓮海悅酒店有限公司', '2025-08-19 02:43:19'),
(321, 42, '2025-08-22 11:03:00', 'Initial order for customer 42 - 富野大飯店股份有限公司花蓮分公司', '2025-08-19 02:43:19'),
(322, 43, '2025-08-22 11:06:00', 'Initial order for customer 43 - 花蓮假期有限公司', '2025-08-19 02:43:19'),
(323, 44, '2025-08-22 11:09:00', 'Initial order for customer 44 - 遠雄海洋公園股份有限公司', '2025-08-19 02:43:19'),
(324, 45, '2025-08-22 11:12:00', 'Initial order for customer 45 - 理想大地股份有限公司', '2025-08-19 02:43:19'),
(325, 46, '2025-08-22 11:15:00', 'Initial order for customer 46 - 七星潭渡假飯店有限公司', '2025-08-19 02:43:19'),
(326, 47, '2025-08-22 11:18:00', 'Initial order for customer 47 - 福容大飯店股份有限公司花蓮分公司', '2025-08-19 02:43:19'),
(327, 48, '2025-08-22 11:21:00', 'Initial order for customer 48 - 康正旅館(股)公司花蓮站前分公司', '2025-08-19 02:43:19'),
(328, 49, '2025-08-22 11:24:00', 'Initial order for customer 49 - 旅路股份有限公司', '2025-08-19 02:43:19'),
(329, 50, '2025-08-22 11:27:00', 'Initial order for customer 50 - 旅路股份-私人訂購', '2025-08-19 02:43:19'),
(330, 51, '2025-08-22 11:30:00', 'Initial order for customer 51 - 大使飯店', '2025-08-19 02:43:19'),
(331, 52, '2025-08-22 11:33:00', 'Initial order for customer 52 - 松之風(春風精品旅店有限公司)', '2025-08-19 02:43:19'),
(332, 53, '2025-08-22 11:36:00', 'Initial order for customer 53 - 五洲商務旅館', '2025-08-19 02:43:19'),
(333, 54, '2025-08-22 11:39:00', 'Initial order for customer 54 - 小小洋房', '2025-08-19 02:43:19'),
(334, 55, '2025-08-22 11:42:00', 'Initial order for customer 55 - 莎莉經典美食有限公司', '2025-08-19 02:43:19'),
(335, 56, '2025-08-22 11:45:00', 'Initial order for customer 56 - 莎莉原物', '2025-08-19 02:43:19'),
(336, 57, '2025-08-22 11:48:00', 'Initial order for customer 57 - 瑞麟美而美(德安店)', '2025-08-19 02:43:19'),
(337, 58, '2025-08-22 11:51:00', 'Initial order for customer 58 - 漢堡大師(建國店)', '2025-08-19 02:43:19'),
(338, 59, '2025-08-22 11:54:00', 'Initial order for customer 59 - 日嚐早餐店', '2025-08-19 02:43:19'),
(339, 60, '2025-08-22 11:57:00', 'Initial order for customer 60 - 初晨之食', '2025-08-19 02:43:19'),
(340, 61, '2025-08-22 12:00:00', 'Initial order for customer 61 - 四維美而', '2025-08-19 02:43:19'),
(341, 62, '2025-08-22 12:03:00', 'Initial order for customer 62 - 巨森早餐吧(國聯店)', '2025-08-19 02:43:19'),
(342, 63, '2025-08-22 12:06:00', 'Initial order for customer 63 - 肥滋滋', '2025-08-19 02:43:19'),
(343, 64, '2025-08-22 12:09:00', 'Initial order for customer 64 - 幸福日光', '2025-08-19 02:43:19'),
(344, 65, '2025-08-22 12:12:00', 'Initial order for customer 65 - 飛馬創意廚房', '2025-08-19 02:43:19'),
(345, 66, '2025-08-22 12:15:00', 'Initial order for customer 66 - 東洋早餐', '2025-08-19 02:43:19'),
(346, 67, '2025-08-22 12:18:00', 'Initial order for customer 67 - 大陳永吉利(僑藝)', '2025-08-19 02:43:19'),
(347, 68, '2025-08-22 12:21:00', 'Initial order for customer 68 - 巨林美而美(太昌店)', '2025-08-19 02:43:19'),
(348, 69, '2025-08-22 12:24:00', 'Initial order for customer 69 - 弘爺漢堡-花蓮香榭店', '2025-08-19 02:43:19'),
(349, 70, '2025-08-22 12:27:00', 'Initial order for customer 70 - 秝好碳烤吐司', '2025-08-19 02:43:19'),
(350, 71, '2025-08-22 12:30:00', 'Initial order for customer 71 - AMIS早午餐', '2025-08-19 02:43:19'),
(351, 72, '2025-08-22 12:33:00', 'Initial order for customer 72 - 來客早午餐', '2025-08-19 02:43:19'),
(352, 73, '2025-08-22 12:36:00', 'Initial order for customer 73 - 春日蛋餅', '2025-08-19 02:43:19'),
(353, 74, '2025-08-22 12:39:00', 'Initial order for customer 74 - 藍盤子早午餐(民權店)', '2025-08-19 02:43:19'),
(354, 75, '2025-08-22 12:42:00', 'Initial order for customer 75 - 金熹鍋(美崙店)', '2025-08-19 02:43:19'),
(355, 76, '2025-08-22 12:45:00', 'Initial order for customer 76 - 早人早餐店', '2025-08-19 02:43:19'),
(356, 77, '2025-08-22 12:48:00', 'Initial order for customer 77 - 水軒蔬食(活力素食)', '2025-08-19 02:43:19'),
(357, 78, '2025-08-22 12:51:00', 'Initial order for customer 78 - 日安活力早點(明禮店)', '2025-08-19 02:43:19'),
(358, 79, '2025-08-22 12:54:00', 'Initial order for customer 79 - 天美早餐店', '2025-08-19 02:43:19'),
(359, 80, '2025-08-22 12:57:00', 'Initial order for customer 80 - 貓語啡早午餐', '2025-08-19 02:43:19'),
(360, 81, '2025-08-22 13:00:00', 'Initial order for customer 81 - 飽足感早午餐', '2025-08-19 02:43:19'),
(361, 82, '2025-08-22 13:03:00', 'Initial order for customer 82 - 瑞麟美而美(北濱店)', '2025-08-19 02:43:19'),
(362, 83, '2025-08-22 13:06:00', 'Initial order for customer 83 - 早吃晚吃早午餐', '2025-08-19 02:43:19'),
(363, 84, '2025-08-22 13:09:00', 'Initial order for customer 84 - 綠水早餐', '2025-08-19 02:43:19'),
(364, 85, '2025-08-22 13:12:00', 'Initial order for customer 85 - 630早午餐', '2025-08-19 02:43:19'),
(365, 86, '2025-08-22 13:15:00', 'Initial order for customer 86 - 日安活力早餐(中正店)', '2025-08-19 02:43:19'),
(366, 87, '2025-08-22 13:18:00', 'Initial order for customer 87 - 富海餐飲俱樂部', '2025-08-19 02:43:19'),
(367, 88, '2025-08-22 13:21:00', 'Initial order for customer 88 - 稻香早餐', '2025-08-19 02:43:19'),
(368, 89, '2025-08-22 13:24:00', 'Initial order for customer 89 - 藍盤子早午餐(中美店)', '2025-08-19 02:43:19'),
(369, 90, '2025-08-22 13:27:00', 'Initial order for customer 90 - 早安山丘(和平店)', '2025-08-19 02:43:19'),
(370, 91, '2025-08-22 13:30:00', 'Initial order for customer 91 - 早安山丘(慈濟店)', '2025-08-19 02:43:19'),
(371, 92, '2025-08-22 13:33:00', 'Initial order for customer 92 - 早安山丘(仁里店)', '2025-08-19 02:43:19'),
(372, 93, '2025-08-22 13:36:00', 'Initial order for customer 93 - 早安山丘(福興店)', '2025-08-19 02:43:19'),
(373, 94, '2025-08-22 13:39:00', 'Initial order for customer 94 - 早安山丘(林森店)', '2025-08-19 02:43:19'),
(374, 95, '2025-08-22 13:42:00', 'Initial order for customer 95 - 愛時刻韓國奶油吐司專賣店', '2025-08-19 02:43:19'),
(375, 96, '2025-08-22 13:45:00', 'Initial order for customer 96 - 丸佳烤吐司', '2025-08-19 02:43:19'),
(376, 97, '2025-08-22 13:48:00', 'Initial order for customer 97 - 珍幸福早餐', '2025-08-19 02:43:19'),
(377, 98, '2025-08-22 13:51:00', 'Initial order for customer 98 - 華廈美而美(福興店)', '2025-08-19 02:43:19'),
(378, 99, '2025-08-22 13:54:00', 'Initial order for customer 99 - 恆恩素食早午餐', '2025-08-19 02:43:19'),
(379, 100, '2025-08-22 13:57:00', 'Initial order for customer 100 - 喬登堡', '2025-08-19 02:43:19'),
(380, 101, '2025-08-22 14:00:00', 'Initial order for customer 101 - 哈姆廚坊(郭榮市)', '2025-08-19 02:43:19'),
(381, 102, '2025-08-22 14:03:00', 'Initial order for customer 102 - 郭榮市食品有限公司', '2025-08-19 02:43:19'),
(382, 103, '2025-08-22 14:06:00', 'Initial order for customer 103 - 早。晚。在一起(香榭店)', '2025-08-19 02:43:19'),
(383, 104, '2025-08-22 14:09:00', 'Initial order for customer 104 - 華廈美而美(中正店)', '2025-08-19 02:43:19'),
(384, 105, '2025-08-22 14:12:00', 'Initial order for customer 105 - 小不點美而美', '2025-08-19 02:43:19'),
(385, 106, '2025-08-22 14:15:00', 'Initial order for customer 106 - 樸樂', '2025-08-19 02:43:19'),
(386, 107, '2025-08-22 14:18:00', 'Initial order for customer 107 - 三葉草晨堡', '2025-08-19 02:43:19'),
(387, 108, '2025-08-22 14:21:00', 'Initial order for customer 108 - 熊屋食堂', '2025-08-19 02:43:19'),
(388, 109, '2025-08-22 14:24:00', 'Initial order for customer 109 - 弘爺漢堡(北埔店)', '2025-08-19 02:43:19'),
(389, 110, '2025-08-22 14:27:00', 'Initial order for customer 110 - 弘爺漢堡(林森店)', '2025-08-19 02:43:19'),
(390, 111, '2025-08-22 14:30:00', 'Initial order for customer 111 - 自強早餐店', '2025-08-19 02:43:19'),
(391, 112, '2025-08-22 14:33:00', 'Initial order for customer 112 - 滋味早午餐', '2025-08-19 02:43:19'),
(392, 113, '2025-08-22 14:36:00', 'Initial order for customer 113 - 早點。手做早午餐', '2025-08-19 02:43:19'),
(393, 114, '2025-08-22 14:39:00', 'Initial order for customer 114 - 享早餐店(KT)', '2025-08-19 02:43:19'),
(394, 115, '2025-08-22 14:42:00', 'Initial order for customer 115 - 日李萬飢(找餐店)', '2025-08-19 02:43:19'),
(395, 116, '2025-08-22 14:45:00', 'Initial order for customer 116 - 原香早餐店', '2025-08-19 02:43:19'),
(396, 117, '2025-08-22 14:48:00', 'Initial order for customer 117 - 巨林美而美(民權店)', '2025-08-19 02:43:19'),
(397, 118, '2025-08-22 14:51:00', 'Initial order for customer 118 - 墨爾漢堡-花蓮美崙店', '2025-08-19 02:43:19'),
(398, 119, '2025-08-22 14:54:00', 'Initial order for customer 119 - 阿法洛早午餐', '2025-08-19 02:43:19'),
(399, 120, '2025-08-22 14:57:00', 'Initial order for customer 120 - 瑞麟美而美(東華店)', '2025-08-19 02:43:19'),
(400, 121, '2025-08-22 15:00:00', 'Initial order for customer 121 - 一起早午餐', '2025-08-19 02:43:19'),
(401, 122, '2025-08-22 15:03:00', 'Initial order for customer 122 - 早。晚。在一起(暙崙營業所)', '2025-08-19 02:43:19'),
(402, 123, '2025-08-22 15:06:00', 'Initial order for customer 123 - 城市漢堡(瑞穗店)', '2025-08-19 02:43:19'),
(403, 124, '2025-08-22 15:09:00', 'Initial order for customer 124 - 楊小姐', '2025-08-19 02:43:19'),
(404, 125, '2025-08-22 15:12:00', 'Initial order for customer 125 - 弘爺漢堡(吉安車站店)', '2025-08-19 02:43:19'),
(405, 126, '2025-08-22 15:15:00', 'Initial order for customer 126 - 美得美早餐店', '2025-08-19 02:43:19'),
(406, 127, '2025-08-22 15:18:00', 'Initial order for customer 127 - 麥町工房(花', '2025-08-19 02:43:19'),
(407, 128, '2025-08-22 15:21:00', 'Initial order for customer 128 - 鐵皮屋牧棧', '2025-08-19 02:43:19'),
(408, 129, '2025-08-22 15:24:00', 'Initial order for customer 129 - 傷心男孩俱樂部', '2025-08-19 02:43:19'),
(409, 130, '2025-08-22 15:27:00', 'Initial order for customer 130 - 弘爺漢堡(合盛店)', '2025-08-19 02:43:19'),
(410, 131, '2025-08-22 15:30:00', 'Initial order for customer 131 - 錡樂早餐', '2025-08-19 02:43:19'),
(411, 132, '2025-08-22 15:33:00', 'Initial order for customer 132 - 華廈美而美(建昌店)', '2025-08-19 02:43:19'),
(412, 133, '2025-08-22 15:36:00', 'Initial order for customer 133 - 麥樂多早餐', '2025-08-19 02:43:19'),
(413, 134, '2025-08-22 15:39:00', 'Initial order for customer 134 - 瓏麒早餐店', '2025-08-19 02:43:19'),
(414, 135, '2025-08-22 15:42:00', 'Initial order for customer 135 - 巨森早餐吧(廣東街)', '2025-08-19 02:43:19'),
(415, 136, '2025-08-22 15:45:00', 'Initial order for customer 136 - 寶媽早午餐店', '2025-08-19 02:43:19'),
(416, 137, '2025-08-22 15:48:00', 'Initial order for customer 137 - 慢吞吞手作碳烤吐司', '2025-08-19 02:43:19'),
(417, 138, '2025-08-22 15:51:00', 'Initial order for customer 138 - 早安樂活(樂活早午餐)', '2025-08-19 02:43:19'),
(418, 139, '2025-08-22 15:54:00', 'Initial order for customer 139 - 驚奇咖啡店', '2025-08-19 02:43:19'),
(419, 140, '2025-08-22 15:57:00', 'Initial order for customer 140 - 瑞麟美而美(志學店)', '2025-08-19 02:43:19'),
(420, 141, '2025-08-22 16:00:00', 'Initial order for customer 141 - 巧味香麵包店', '2025-08-19 02:43:19'),
(421, 142, '2025-08-22 16:03:00', 'Initial order for customer 142 - 甚好早午餐', '2025-08-19 02:43:19'),
(422, 143, '2025-08-22 16:06:00', 'Initial order for customer 143 - 巨林美而美(建國店)', '2025-08-19 02:43:19'),
(423, 144, '2025-08-22 16:09:00', 'Initial order for customer 144 - 時光旅人', '2025-08-19 02:43:19'),
(424, 145, '2025-08-22 16:12:00', 'Initial order for customer 145 - 花工合作社', '2025-08-19 02:43:19'),
(425, 146, '2025-08-22 16:15:00', 'Initial order for customer 146 - 四維高中', '2025-08-19 02:43:19'),
(426, 147, '2025-08-22 16:18:00', 'Initial order for customer 147 - 海星中學', '2025-08-19 02:43:19'),
(427, 148, '2025-08-22 16:21:00', 'Initial order for customer 148 - 妙賢幼兒園', '2025-08-19 02:43:19'),
(428, 149, '2025-08-22 16:24:00', 'Initial order for customer 149 - 海星幼兒園', '2025-08-19 02:43:19'),
(429, 150, '2025-08-22 16:27:00', 'Initial order for customer 150 - 吳甦樂幼兒園', '2025-08-19 02:43:19'),
(430, 151, '2025-08-22 16:30:00', 'Initial order for customer 151 - 仁里教保中心', '2025-08-19 02:43:19'),
(431, 152, '2025-08-22 16:33:00', 'Initial order for customer 152 - 曼波茶飲(北埔葵可立)', '2025-08-19 02:43:19'),
(432, 153, '2025-08-22 16:36:00', 'Initial order for customer 153 - 張家樹園', '2025-08-19 02:43:19'),
(433, 154, '2025-08-22 16:39:00', 'Initial order for customer 154 - 193夜貓食所', '2025-08-19 02:43:19'),
(434, 155, '2025-08-22 16:42:00', 'Initial order for customer 155 - 火車頭道地美式煙燻烤肉屋', '2025-08-19 02:43:19'),
(435, 156, '2025-08-22 16:45:00', 'Initial order for customer 156 - 豆號早午餐', '2025-08-19 02:43:19'),
(436, 157, '2025-08-22 16:48:00', 'Initial order for customer 157 - L行旅-秘密花園', '2025-08-19 02:43:19'),
(437, 158, '2025-08-22 16:51:00', 'Initial order for customer 158 - 美好餐室', '2025-08-19 02:43:19'),
(438, 159, '2025-08-22 16:54:00', 'Initial order for customer 159 - 張家韓園', '2025-08-19 02:43:19'),
(439, 160, '2025-08-22 16:57:00', 'Initial order for customer 160 - 初樂炸雞', '2025-08-19 02:43:19'),
(440, 161, '2025-08-22 17:00:00', 'Initial order for customer 161 - 常春藤農場民宿', '2025-08-19 02:43:19'),
(441, 162, '2025-08-22 17:03:00', 'Initial order for customer 162 - 常春藤商店', '2025-08-19 02:43:19'),
(442, 163, '2025-08-22 17:06:00', 'Initial order for customer 163 - 雲上太陽民宿', '2025-08-19 02:43:19'),
(443, 164, '2025-08-22 17:09:00', 'Initial order for customer 164 - 波西米亞民宿', '2025-08-19 02:43:19'),
(444, 165, '2025-08-22 17:12:00', 'Initial order for customer 165 - 茉白民宿', '2025-08-19 02:43:19'),
(445, 166, '2025-08-22 17:15:00', 'Initial order for customer 166 - 洄瀾窩青年旅舍(股)公司-2樓櫃檯', '2025-08-19 02:43:19'),
(446, 167, '2025-08-22 17:18:00', 'Initial order for customer 167 - 浪慢咖啡', '2025-08-19 02:43:19'),
(447, 168, '2025-08-22 17:21:00', 'Initial order for customer 168 - 流奶與蜜咖啡', '2025-08-19 02:43:19'),
(448, 170, '2025-08-22 17:24:00', 'Initial order for customer 170 - 菇菇早餐店', '2025-08-19 02:43:19'),
(449, 171, '2025-08-22 17:27:00', 'Initial order for customer 171 - 張瑋烤肉蛋土司(信義店)', '2025-08-19 02:43:19'),
(450, 172, '2025-08-22 17:30:00', 'Initial order for customer 172 - 張瑋烤肉蛋土司(富國店)', '2025-08-19 02:43:19'),
(451, 173, '2025-08-22 17:33:00', 'Initial order for customer 173 - 張瑋烤肉蛋土司(中華店)', '2025-08-19 02:43:19'),
(452, 174, '2025-08-22 17:36:00', 'Initial order for customer 174 - 張瑋烤肉蛋土司(美崙店)', '2025-08-19 02:43:19'),
(453, 175, '2025-08-22 17:39:00', 'Initial order for customer 175 - 布拉格.咖啡', '2025-08-19 02:43:19'),
(454, 176, '2025-08-22 17:42:00', 'Initial order for customer 176 - 其益咖啡', '2025-08-19 02:43:19'),
(455, 177, '2025-08-22 17:45:00', 'Initial order for customer 177 - TAKO碳烤肉吐司', '2025-08-19 02:43:19'),
(456, 178, '2025-08-22 17:48:00', 'Initial order for customer 178 - 歐圖咖啡廚房(莊敬店)', '2025-08-19 02:43:19'),
(457, 179, '2025-08-22 17:51:00', 'Initial order for customer 179 - 早醒Hungry', '2025-08-19 02:43:19'),
(458, 180, '2025-08-22 17:54:00', 'Initial order for customer 180 - 聖托里尼民宿', '2025-08-19 02:43:19'),
(459, 181, '2025-08-22 17:57:00', 'Initial order for customer 181 - 塞維爾民宿', '2025-08-19 02:43:19'),
(460, 182, '2025-08-22 18:00:00', 'Initial order for customer 182 - 拉戈姆複合式廚房', '2025-08-19 02:43:19'),
(461, 183, '2025-08-22 18:03:00', 'Initial order for customer 183 - 凱強生有限公司(黑芭比)', '2025-08-19 02:43:19'),
(462, 184, '2025-08-22 18:06:00', 'Initial order for customer 184 - 伊諾咖啡館', '2025-08-19 02:43:19'),
(463, 185, '2025-08-22 18:09:00', 'Initial order for customer 185 - 呼吸民宿', '2025-08-19 02:43:19'),
(464, 186, '2025-08-22 18:12:00', 'Initial order for customer 186 - 東城假期有限公司', '2025-08-19 02:43:19'),
(465, 187, '2025-08-22 18:15:00', 'Initial order for customer 187 - 金湯達人咖啡館', '2025-08-19 02:43:19'),
(466, 188, '2025-08-22 18:18:00', 'Initial order for customer 188 - 秘密海', '2025-08-19 02:43:19'),
(467, 189, '2025-08-22 18:21:00', 'Initial order for customer 189 - 三隻無尾熊', '2025-08-19 02:43:19'),
(468, 190, '2025-08-22 18:24:00', 'Initial order for customer 190 - 臺灣咖啡(臺灣荷苞山(股)公司花蓮營業所)', '2025-08-19 02:43:19'),
(469, 191, '2025-08-22 18:27:00', 'Initial order for customer 191 - 斯圖亞特企業社', '2025-08-19 02:43:19'),
(470, 192, '2025-08-22 18:30:00', 'Initial order for customer 192 - CHAT BON', '2025-08-19 02:43:19'),
(471, 193, '2025-08-22 18:33:00', 'Initial order for customer 193 - 白金漢宮民宿', '2025-08-19 02:43:19'),
(472, 194, '2025-08-22 18:36:00', 'Initial order for customer 194 - 曼舒新城民宿', '2025-08-19 02:43:19'),
(473, 195, '2025-08-22 18:39:00', 'Initial order for customer 195 - 鮪魚家族飯店', '2025-08-19 02:43:19'),
(474, 196, '2025-08-22 18:42:00', 'Initial order for customer 196 - 瓊林書局(慈濟店)', '2025-08-19 02:43:19'),
(475, 197, '2025-08-22 18:45:00', 'Initial order for customer 197 - 博愛浸信會(財團法人中華基督教浸信會花蓮博愛堂)', '2025-08-19 02:43:19'),
(476, 198, '2025-08-22 18:48:00', 'Initial order for customer 198 - 長榮老人長期照顧中心', '2025-08-19 02:43:19'),
(477, 199, '2025-08-22 18:51:00', 'Initial order for customer 199 - 娜滋滋烤魚', '2025-08-19 02:43:19'),
(478, 200, '2025-08-22 18:54:00', 'Initial order for customer 200 - 陳貽堅先生', '2025-08-19 02:43:19'),
(479, 201, '2025-08-22 18:57:00', 'Initial order for customer 201 - 黎明教養院(2樓廚房)', '2025-08-19 02:43:19'),
(480, 202, '2025-08-22 19:00:00', 'Initial order for customer 202 - 洄瀾(中華1店', '2025-08-19 02:43:19'),
(481, 203, '2025-08-22 19:03:00', 'Initial order for customer 203 - 洄瀾(中華2店', '2025-08-19 02:43:19'),
(482, 204, '2025-08-22 19:06:00', 'Initial order for customer 204 - 洄瀾(中華3店', '2025-08-19 02:43:19'),
(483, 205, '2025-08-22 19:09:00', 'Initial order for customer 205 - 洄瀾(中山店)', '2025-08-19 02:43:19'),
(484, 206, '2025-08-22 19:12:00', 'Initial order for customer 206 - 洄瀾(站前店)', '2025-08-19 02:43:19'),
(485, 207, '2025-08-22 19:15:00', 'Initial order for customer 207 - 萊迦早午餐', '2025-08-19 02:43:19'),
(486, 208, '2025-08-22 19:18:00', 'Initial order for customer 208 - 華廈美而美(海岸店)', '2025-08-19 02:43:19'),
(487, 209, '2025-08-22 19:21:00', 'Initial order for customer 209 - 薇薇安', '2025-08-19 02:43:19'),
(488, 210, '2025-08-22 19:24:00', 'Initial order for customer 210 - 快樂早餐', '2025-08-19 02:43:19'),
(489, 211, '2025-08-22 19:27:00', 'Initial order for customer 211 - 巨森早餐吧(中美店)', '2025-08-19 02:43:19'),
(490, 212, '2025-08-22 19:30:00', 'Initial order for customer 212 - 中福美而美', '2025-08-19 02:43:19'),
(491, 213, '2025-08-22 19:33:00', 'Initial order for customer 213 - 市民小站(慈濟店)', '2025-08-19 02:43:19'),
(492, 214, '2025-08-22 19:36:00', 'Initial order for customer 214 - 萬佳鄉(南埔店)', '2025-08-19 02:43:19'),
(493, 215, '2025-08-22 19:39:00', 'Initial order for customer 215 - 漢堡大師(吉安海岸店)', '2025-08-19 02:43:19'),
(494, 216, '2025-08-22 19:42:00', 'Initial order for customer 216 - 茱莉早餐吧', '2025-08-19 02:43:19'),
(495, 217, '2025-08-22 19:45:00', 'Initial order for customer 217 - 莫尼早餐', '2025-08-19 02:43:19'),
(496, 218, '2025-08-22 19:48:00', 'Initial order for customer 218 - 莫尼早餐(中山店)', '2025-08-19 02:43:19'),
(497, 219, '2025-08-22 19:51:00', 'Initial order for customer 219 - 萬佳鄉(蓮晴店)', '2025-08-19 02:43:19'),
(498, 220, '2025-08-22 19:54:00', 'Initial order for customer 220 - 弘爺漢堡(花農店)', '2025-08-19 02:43:19'),
(499, 221, '2025-08-22 19:57:00', 'Initial order for customer 221 - 盛夏果實早午餐', '2025-08-19 02:43:19'),
(500, 222, '2025-08-22 20:00:00', 'Initial order for customer 222 - 華廈美而美(宜昌店)', '2025-08-19 02:43:19'),
(501, 223, '2025-08-22 20:03:00', 'Initial order for customer 223 - 華廈美而美(德安店)', '2025-08-19 02:43:19'),
(502, 224, '2025-08-22 20:06:00', 'Initial order for customer 224 - 按食吃吐司', '2025-08-19 02:43:19'),
(503, 225, '2025-08-22 20:09:00', 'Initial order for customer 225 - 小福美而美', '2025-08-19 02:43:19'),
(504, 226, '2025-08-22 20:12:00', 'Initial order for customer 226 - 鄉村漢堡(國聯店)', '2025-08-19 02:43:19'),
(505, 227, '2025-08-22 20:15:00', 'Initial order for customer 227 - 早安公雞', '2025-08-19 02:43:19'),
(506, 228, '2025-08-22 20:18:00', 'Initial order for customer 228 - 藍色貓頭鷹', '2025-08-19 02:43:19'),
(507, 229, '2025-08-22 20:21:00', 'Initial order for customer 229 - 美侖牛排', '2025-08-19 02:43:19'),
(508, 230, '2025-08-22 20:24:00', 'Initial order for customer 230 - 奶妹早餐店', '2025-08-19 02:43:19'),
(509, 231, '2025-08-22 20:27:00', 'Initial order for customer 231 - 弘爺(中華店)', '2025-08-19 02:43:19'),
(510, 232, '2025-08-22 20:30:00', 'Initial order for customer 232 - 玉山早餐店', '2025-08-19 02:43:19'),
(511, 233, '2025-08-22 20:33:00', 'Initial order for customer 233 - 弘爺漢堡(勝安店)', '2025-08-19 02:43:19'),
(512, 234, '2025-08-22 20:36:00', 'Initial order for customer 234 - 瑞樂絲餐飲', '2025-08-19 02:43:19'),
(513, 235, '2025-08-22 20:39:00', 'Initial order for customer 235 - 小森林安親班', '2025-08-19 02:43:19'),
(514, 236, '2025-08-22 20:42:00', 'Initial order for customer 236 - 小茶亭', '2025-08-19 02:43:19'),
(515, 237, '2025-08-22 20:45:00', 'Initial order for customer 237 - 蛋餅大王', '2025-08-19 02:43:19'),
(516, 238, '2025-08-22 20:48:00', 'Initial order for customer 238 - 麥町吐司工房(太魯閣店)', '2025-08-19 02:43:19'),
(517, 239, '2025-08-22 20:51:00', 'Initial order for customer 239 - SUN早餐', '2025-08-19 02:43:19'),
(518, 240, '2025-08-22 20:54:00', 'Initial order for customer 240 - 華廈美而美(林森店)', '2025-08-19 02:43:19'),
(519, 241, '2025-08-22 20:57:00', 'Initial order for customer 241 - 甲粗飽早午餐', '2025-08-19 02:43:19'),
(520, 242, '2025-08-22 21:00:00', 'Initial order for customer 242 - 阿勝早餐店', '2025-08-19 02:43:19'),
(521, 243, '2025-08-22 21:03:00', 'Initial order for customer 243 - 金螞蟻', '2025-08-19 02:43:19'),
(522, 244, '2025-08-22 21:06:00', 'Initial order for customer 244 - 再吃一口早午餐', '2025-08-19 02:43:19'),
(523, 245, '2025-08-22 21:09:00', 'Initial order for customer 245 - 鄉村漢堡(中美店)', '2025-08-19 02:43:19'),
(524, 246, '2025-08-22 21:12:00', 'Initial order for customer 246 - 宵郎', '2025-08-19 02:43:19'),
(525, 247, '2025-08-22 21:15:00', 'Initial order for customer 247 - 呀比早餐', '2025-08-19 02:43:19'),
(526, 248, '2025-08-22 21:18:00', 'Initial order for customer 248 - 弘爺漢堡(吉慶店)', '2025-08-19 02:43:19'),
(527, 249, '2025-08-22 21:21:00', 'Initial order for customer 249 - 弘爺漢堡(七星潭店)', '2025-08-19 02:43:19'),
(528, 250, '2025-08-22 21:24:00', 'Initial order for customer 250 - 弘爺漢堡(富吉店)', '2025-08-19 02:43:19'),
(529, 251, '2025-08-22 21:27:00', 'Initial order for customer 251 - 弘爺漢堡(中興店)', '2025-08-19 02:43:19'),
(530, 252, '2025-08-22 21:30:00', 'Initial order for customer 252 - To me 找餐殿', '2025-08-19 02:43:19'),
(531, 253, '2025-08-22 21:33:00', 'Initial order for customer 253 - 多福豆花(大禹店)', '2025-08-19 02:43:19'),
(532, 254, '2025-08-22 21:36:00', 'Initial order for customer 254 - 樂享早餐坊', '2025-08-19 02:43:19'),
(533, 255, '2025-08-22 21:39:00', 'Initial order for customer 255 - 5餅二魚中西式早餐店', '2025-08-19 02:43:19'),
(534, 256, '2025-08-22 21:42:00', 'Initial order for customer 256 - 弘爺漢堡(東華店)', '2025-08-19 02:43:19'),
(535, 257, '2025-08-22 21:45:00', 'Initial order for customer 257 - 弘爺漢堡(海岸店)', '2025-08-19 02:43:19'),
(536, 258, '2025-08-22 21:48:00', 'Initial order for customer 258 - 吃粗飽', '2025-08-19 02:43:19'),
(537, 259, '2025-08-22 21:51:00', 'Initial order for customer 259 - 吃粗飽(國富店)', '2025-08-19 02:43:19'),
(538, 260, '2025-08-22 21:54:00', 'Initial order for customer 260 - 艾摩斯廚房-美崙店', '2025-08-19 02:43:19'),
(539, 261, '2025-08-22 21:57:00', 'Initial order for customer 261 - 艾摩斯廚房-花商店', '2025-08-19 02:43:19'),
(540, 262, '2025-08-22 22:00:00', 'Initial order for customer 262 - 快樂早餐(東昌店)', '2025-08-19 02:43:19'),
(541, 263, '2025-08-22 22:03:00', 'Initial order for customer 263 - 萬佳鄉(北埔店)', '2025-08-19 02:43:19'),
(542, 264, '2025-08-22 22:06:00', 'Initial order for customer 264 - 弘爺漢堡(青年住宅店)', '2025-08-19 02:43:19'),
(543, 265, '2025-08-22 22:09:00', 'Initial order for customer 265 - 星享早午餐', '2025-08-19 02:43:19'),
(544, 266, '2025-08-22 22:12:00', 'Initial order for customer 266 - 弘爺漢堡(仁里店)', '2025-08-19 02:43:19'),
(545, 267, '2025-08-22 22:15:00', 'Initial order for customer 267 - 新格早餐店', '2025-08-19 02:43:19'),
(546, 268, '2025-08-22 22:18:00', 'Initial order for customer 268 - 弘爺漢堡(太昌店)', '2025-08-19 02:43:19'),
(547, 269, '2025-08-22 22:21:00', 'Initial order for customer 269 - 弘爺漢堡(北昌店)', '2025-08-19 02:43:19'),
(548, 270, '2025-08-22 22:24:00', 'Initial order for customer 270 - 荷包蛋早午餐店', '2025-08-19 02:43:19'),
(549, 271, '2025-08-22 22:27:00', 'Initial order for customer 271 - 弘爺漢堡(中美店)', '2025-08-19 02:43:19'),
(550, 272, '2025-08-22 22:30:00', 'Initial order for customer 272 - 弘爺漢堡(國聯店)', '2025-08-19 02:43:19'),
(551, 273, '2025-08-22 22:33:00', 'Initial order for customer 273 - 嗨微笑早午餐', '2025-08-19 02:43:19'),
(552, 274, '2025-08-22 22:36:00', 'Initial order for customer 274 - ZERO距離早午餐', '2025-08-19 02:43:19'),
(553, 275, '2025-08-22 22:39:00', 'Initial order for customer 275 - 鍾老師安親班', '2025-08-19 02:43:19'),
(554, 276, '2025-08-22 22:42:00', 'Initial order for customer 276 - 楊先生(麵包車)', '2025-08-19 02:43:19'),
(555, 277, '2025-08-22 22:45:00', 'Initial order for customer 277 - 米先生', '2025-08-19 02:43:19'),
(556, 278, '2025-08-22 22:48:00', 'Initial order for customer 278 - 大熊漢堡(自強店)', '2025-08-19 02:43:19'),
(557, 279, '2025-08-22 22:51:00', 'Initial order for customer 279 - 老船長早餐店', '2025-08-19 02:43:19'),
(558, 280, '2025-08-22 22:54:00', 'Initial order for customer 280 - 蛋餅熊', '2025-08-19 02:43:19'),
(559, 281, '2025-08-22 22:57:00', 'Initial order for customer 281 - 巨林美而美(花商店)', '2025-08-19 02:43:19'),
(560, 282, '2025-08-22 23:00:00', 'Initial order for customer 282 - 石頭的家', '2025-08-19 02:43:19'),
(561, 283, '2025-08-22 23:03:00', 'Initial order for customer 283 - 胡小姐(新社)', '2025-08-19 02:43:19'),
(562, 284, '2025-08-22 23:06:00', 'Initial order for customer 284 - 零售(未建檔的客戶都打在零售)：', '2025-08-19 02:43:19'),
(563, 285, '2025-08-22 23:09:00', 'Initial order for customer 285 - MP brunch', '2025-08-19 02:43:19'),
(564, 286, '2025-08-22 23:12:00', 'Initial order for customer 286 - 676中西式早午餐', '2025-08-19 02:43:19'),
(565, 287, '2025-08-22 23:15:00', 'Initial order for customer 287 - 野光', '2025-08-19 02:43:19'),
(566, 288, '2025-08-22 23:18:00', 'Initial order for customer 288 - 晨饅早午餐', '2025-08-19 02:43:19'),
(567, 289, '2025-08-22 23:21:00', 'Initial order for customer 289 - 英雄館櫃檯私人-蕭小姐', '2025-08-19 02:43:19'),
(568, 290, '2025-08-22 23:24:00', 'Initial order for customer 290 - 崇德微笑', '2025-08-19 02:43:19'),
(569, 291, '2025-08-22 23:27:00', 'Initial order for customer 291 - 花草田村', '2025-08-19 02:43:19'),
(570, 292, '2025-08-22 23:30:00', 'Initial order for customer 292 - 草太長', '2025-08-19 02:43:19'),
(571, 293, '2025-08-22 23:33:00', 'Initial order for customer 293 -  后山咖啡', '2025-08-19 02:43:19'),
(572, 294, '2025-08-22 23:36:00', 'Initial order for customer 294 - 珈琲鋪子', '2025-08-19 02:43:19'),
(573, 295, '2025-08-22 23:39:00', 'Initial order for customer 295 - 巷弄李咖啡廳', '2025-08-19 02:43:19'),
(574, 296, '2025-08-22 23:42:00', 'Initial order for customer 296 - 貓吃了叼魚', '2025-08-19 02:43:19'),
(575, 297, '2025-08-22 23:45:00', 'Initial order for customer 297 - 春天輕食養生健康館', '2025-08-19 02:43:19'),
(576, 298, '2025-08-22 23:48:00', 'Initial order for customer 298 - 買朋友', '2025-08-19 02:43:19'),
(577, 299, '2025-08-22 23:51:00', 'Initial order for customer 299 - 神攻沙威瑪(永吉利)', '2025-08-19 02:43:19'),
(578, 300, '2025-08-22 23:54:00', 'Initial order for customer 300 - No.7 Coffee ', '2025-08-19 02:43:19'),
(579, 301, '2025-08-22 23:57:00', 'Initial order for customer 301 - 欣食旅股份有限公司花蓮營業所(雄獅旅遊)', '2025-08-19 02:43:19'),
(580, 302, '2025-08-19 10:57:37', 'Initial order for customer 302 - 黃靜懿', '2025-08-19 02:43:19'),
(581, 303, '2025-08-19 10:57:37', 'Initial order for customer 303 - 榮次郎個人燒', '2025-08-19 02:43:19'),
(582, 304, '2025-08-19 10:57:37', 'Initial order for customer 304 - 微風星語民宿', '2025-08-19 02:43:19'),
(583, 305, '2025-08-19 10:57:37', 'Initial order for customer 305 - 想享散步', '2025-08-19 02:43:19'),
(584, 306, '2025-08-19 10:57:37', 'Initial order for customer 306 - 萊可早午餐', '2025-08-19 02:43:19'),
(585, 307, '2025-08-19 10:57:37', 'Initial order for customer 307 - 樂咖哩', '2025-08-19 02:43:19'),
(586, 308, '2025-08-19 10:57:37', 'Initial order for customer 308 - 花蓮善牧中心(花市順興路87號)', '2025-08-19 02:43:19'),
(587, 309, '2025-08-19 10:57:37', 'Initial order for customer 309 - 林詠倫', '2025-08-19 02:43:19'),
(588, 310, '2025-08-19 10:57:37', 'Initial order for customer 310 - 天空之城民宿', '2025-08-19 02:43:19'),
(589, 311, '2025-08-19 10:57:37', 'Initial order for customer 311 - 進發家手搖飲料店', '2025-08-19 02:43:19'),
(590, 312, '2025-08-19 10:57:37', 'Initial order for customer 312 - 吳先生0907-227499', '2025-08-19 02:43:19'),
(591, 313, '2025-08-19 10:57:37', 'Initial order for customer 313 - 羹漢早餐(在壽豐)', '2025-08-19 02:43:19'),
(592, 314, '2025-08-19 10:57:37', 'Initial order for customer 314 - 熊厚雞蛋吐司專賣店', '2025-08-19 02:43:19'),
(593, 315, '2025-08-19 10:57:37', 'Initial order for customer 315 - 漁夫民宿', '2025-08-19 02:43:19'),
(594, 316, '2025-08-19 10:57:37', 'Initial order for customer 316 - 隱食宅', '2025-08-19 02:43:19'),
(595, 319, '2025-08-19 10:57:37', 'Initial order for customer 319 - Ferdinan Big Store', '2025-08-19 02:43:19');

-- --------------------------------------------------------

--
-- Table structure for table `order_items`
--

CREATE TABLE `order_items` (
  `id` bigint(20) NOT NULL,
  `order_id` bigint(20) NOT NULL,
  `item_id` int(11) NOT NULL,
  `quantity` int(11) NOT NULL
) ENGINE=InnoDB DEFAULT CHARSET=utf8mb4 COLLATE=utf8mb4_general_ci;

--
-- Dumping data for table `order_items`
--

INSERT INTO `order_items` (`id`, `order_id`, `item_id`, `quantity`) VALUES
(1, 280, 100, 1),
(2, 280, 152, 1),
(3, 280, 2, 1),
(4, 280, 167, 1),
(5, 280, 156, 1),
(6, 280, 924, 1),
(7, 280, 163, 1),
(8, 281, 107, 1),
(9, 281, 108, 1),
(10, 281, 134, 1),
(11, 281, 111, 1),
(12, 281, 138, 1),
(13, 281, 123, 1),
(14, 281, 124, 1),
(15, 281, 128, 1),
(16, 281, 121, 1),
(17, 281, 59, 1),
(18, 281, 62, 1),
(19, 281, 61, 1),
(20, 281, 127, 1),
(21, 281, 147, 1),
(22, 282, 10, 1),
(23, 283, 2, 1),
(24, 284, 107, 1),
(25, 284, 108, 1),
(26, 284, 134, 1),
(27, 284, 110, 1),
(28, 284, 111, 1),
(29, 284, 112, 1),
(30, 284, 117, 1),
(31, 285, 167, 1),
(32, 285, 156, 1),
(33, 285, 164, 1),
(34, 285, 163, 1),
(35, 285, 165, 1),
(36, 286, 2, 1),
(37, 286, 8, 1),
(38, 287, 96, 1),
(39, 287, 99, 1),
(40, 287, 2, 1),
(41, 287, 13, 1),
(42, 288, 8, 1),
(43, 289, 8, 1),
(44, 290, 100, 1),
(45, 290, 102, 1),
(46, 290, 2, 1),
(47, 290, 3, 1),
(48, 290, 8, 1),
(49, 291, 167, 1),
(50, 292, 2, 1),
(51, 292, 8, 1),
(52, 292, 91, 1),
(53, 293, 10, 1),
(54, 294, 4, 1),
(55, 295, 100, 1),
(56, 295, 8, 1),
(57, 295, 24, 1),
(58, 295, 13, 1),
(59, 295, 160, 1),
(60, 295, 155, 1),
(61, 295, 159, 1),
(62, 295, 167, 1),
(63, 295, 158, 1),
(64, 295, 156, 1),
(65, 295, 157, 1),
(66, 295, 164, 1),
(67, 295, 163, 1),
(68, 296, 79, 1),
(69, 296, 155, 1),
(70, 296, 158, 1),
(71, 296, 157, 1),
(72, 297, 2, 1),
(73, 298, 2, 1),
(74, 298, 13, 1),
(75, 298, 164, 1),
(76, 298, 163, 1),
(77, 298, 165, 1),
(78, 299, 97, 1),
(79, 299, 8, 1),
(80, 300, 919, 1),
(81, 301, 928, 1),
(82, 301, 930, 1),
(83, 301, 932, 1),
(84, 302, 938, 1),
(85, 302, 925, 1),
(86, 302, 927, 1),
(87, 302, 886, 1),
(88, 302, 889, 1),
(89, 302, 898, 1),
(90, 302, 905, 1),
(91, 302, 917, 1),
(92, 303, 131, 1),
(93, 303, 132, 1),
(94, 303, 126, 1),
(95, 303, 144, 1),
(96, 303, 120, 1),
(97, 303, 127, 1),
(98, 303, 145, 1),
(99, 303, 135, 1),
(100, 303, 137, 1),
(101, 303, 136, 1),
(102, 303, 139, 1),
(103, 303, 916, 1),
(104, 303, 133, 1),
(105, 303, 920, 1),
(106, 304, 131, 1),
(107, 304, 132, 1),
(108, 304, 126, 1),
(109, 304, 144, 1),
(110, 304, 120, 1),
(111, 304, 127, 1),
(112, 304, 145, 1),
(113, 304, 2, 1),
(114, 305, 4, 1),
(115, 305, 15, 1),
(116, 305, 155, 1),
(117, 306, 3, 1),
(118, 307, 871, 1),
(119, 307, 874, 1),
(120, 308, 866, 1),
(121, 308, 870, 1),
(122, 308, 872, 1),
(123, 309, 922, 1),
(124, 309, 923, 1),
(125, 309, 154, 1),
(126, 310, 873, 1),
(127, 310, 875, 1),
(128, 311, 869, 1),
(129, 311, 929, 1),
(130, 312, 2, 1),
(131, 312, 8, 1),
(132, 312, 167, 1),
(133, 313, 863, 1),
(134, 313, 865, 1),
(135, 314, 2, 1),
(136, 314, 13, 1),
(137, 315, 107, 1),
(138, 315, 108, 1),
(139, 315, 118, 1),
(140, 315, 134, 1),
(141, 315, 110, 1),
(142, 315, 111, 1),
(143, 315, 112, 1),
(144, 315, 138, 1),
(145, 315, 115, 1),
(146, 315, 123, 1),
(147, 315, 128, 1),
(148, 315, 121, 1),
(149, 315, 126, 1),
(150, 315, 144, 1),
(151, 315, 114, 1),
(152, 315, 120, 1),
(153, 315, 864, 1),
(154, 315, 145, 1),
(155, 315, 117, 1),
(156, 316, 107, 1),
(157, 316, 108, 1),
(158, 316, 118, 1),
(159, 316, 134, 1),
(160, 316, 862, 1),
(161, 316, 110, 1),
(162, 316, 111, 1),
(163, 316, 112, 1),
(164, 316, 138, 1),
(165, 316, 115, 1),
(166, 316, 123, 1),
(167, 316, 124, 1),
(168, 316, 128, 1),
(169, 316, 121, 1),
(170, 316, 129, 1),
(171, 316, 122, 1),
(172, 316, 60, 1),
(173, 316, 59, 1),
(174, 316, 62, 1),
(175, 316, 61, 1),
(176, 316, 126, 1),
(177, 316, 144, 1),
(178, 316, 114, 1),
(179, 316, 120, 1),
(180, 316, 130, 1),
(181, 316, 127, 1),
(182, 316, 148, 1),
(183, 316, 147, 1),
(184, 316, 146, 1),
(185, 316, 145, 1),
(186, 316, 117, 1),
(187, 316, 868, 1),
(188, 317, 152, 1),
(189, 317, 10, 1),
(190, 317, 2, 1),
(191, 318, 2, 1),
(192, 319, 107, 1),
(193, 319, 108, 1),
(194, 319, 118, 1),
(195, 319, 134, 1),
(196, 319, 111, 1),
(197, 319, 112, 1),
(198, 319, 138, 1),
(199, 319, 115, 1),
(200, 319, 124, 1),
(201, 319, 129, 1),
(202, 319, 122, 1),
(203, 319, 126, 1),
(204, 319, 144, 1),
(205, 319, 120, 1),
(206, 319, 130, 1),
(207, 319, 127, 1),
(208, 319, 148, 1),
(209, 319, 145, 1),
(210, 319, 117, 1),
(211, 320, 2, 1),
(212, 320, 13, 1),
(213, 321, 167, 1),
(214, 321, 166, 1),
(215, 321, 157, 1),
(216, 322, 149, 1),
(217, 322, 2, 1),
(218, 322, 13, 1),
(219, 322, 926, 1),
(220, 322, 164, 1),
(221, 322, 163, 1),
(222, 322, 165, 1),
(223, 323, 107, 1),
(224, 323, 108, 1),
(225, 323, 134, 1),
(226, 323, 111, 1),
(227, 323, 112, 1),
(228, 323, 138, 1),
(229, 323, 126, 1),
(230, 323, 11, 1),
(231, 323, 2, 1),
(232, 324, 10, 1),
(233, 324, 4, 1),
(234, 325, 25, 1),
(235, 325, 14, 1),
(236, 326, 100, 1),
(237, 326, 4, 1),
(238, 327, 2, 1),
(239, 327, 13, 1),
(240, 328, 2, 1),
(241, 329, 10, 1),
(242, 329, 2, 1),
(243, 330, 2, 1),
(244, 331, 4, 1),
(245, 331, 2, 1),
(246, 332, 2, 1),
(247, 333, 38, 1),
(248, 333, 10, 1),
(249, 333, 11, 1),
(250, 334, 867, 1),
(251, 334, 142, 1),
(252, 334, 871, 1),
(253, 334, 143, 1),
(254, 334, 4, 1),
(255, 334, 141, 1),
(256, 334, 921, 1),
(257, 334, 153, 1),
(258, 334, 151, 1),
(259, 334, 928, 1),
(260, 335, 876, 1),
(261, 335, 877, 1),
(262, 335, 878, 1),
(263, 335, 879, 1),
(264, 335, 880, 1),
(265, 335, 881, 1),
(266, 335, 882, 1),
(267, 335, 883, 1),
(268, 335, 884, 1),
(269, 335, 885, 1),
(270, 335, 887, 1),
(271, 335, 888, 1),
(272, 335, 890, 1),
(273, 335, 891, 1),
(274, 335, 892, 1),
(275, 335, 893, 1),
(276, 335, 894, 1),
(277, 335, 895, 1),
(278, 335, 896, 1),
(279, 335, 897, 1),
(280, 335, 899, 1),
(281, 335, 900, 1),
(282, 335, 901, 1),
(283, 335, 226, 1),
(284, 335, 907, 1),
(285, 335, 908, 1),
(286, 335, 909, 1),
(287, 335, 910, 1),
(288, 335, 911, 1),
(289, 335, 912, 1),
(290, 335, 913, 1),
(291, 335, 933, 1),
(292, 335, 934, 1),
(293, 335, 935, 1),
(294, 335, 936, 1),
(295, 335, 937, 1),
(296, 336, 10, 1),
(297, 337, 10, 1),
(298, 337, 2, 1),
(299, 337, 3, 1),
(300, 337, 13, 1),
(301, 338, 10, 1),
(302, 338, 4, 1),
(303, 338, 5, 1),
(304, 339, 10, 1),
(305, 339, 2, 1),
(306, 339, 3, 1),
(307, 340, 10, 1),
(308, 340, 3, 1),
(309, 341, 10, 1),
(310, 341, 2, 1),
(311, 341, 3, 1),
(312, 342, 3, 1),
(313, 342, 8, 1),
(314, 343, 79, 1),
(315, 343, 33, 1),
(316, 344, 903, 1),
(317, 345, 10, 1),
(318, 345, 2, 1),
(319, 345, 3, 1),
(320, 345, 8, 1),
(321, 346, 2, 1),
(322, 347, 10, 1),
(323, 347, 4, 1),
(324, 347, 2, 1),
(325, 347, 3, 1),
(326, 347, 8, 1),
(327, 347, 13, 1),
(328, 348, 3, 1),
(329, 349, 10, 1),
(330, 349, 5, 1),
(331, 350, 10, 1),
(332, 350, 2, 1),
(333, 350, 3, 1),
(334, 351, 37, 1),
(335, 351, 3, 1),
(336, 351, 8, 1),
(337, 351, 13, 1),
(338, 352, 10, 1),
(339, 352, 3, 1),
(340, 352, 8, 1),
(341, 353, 107, 1),
(342, 353, 3, 1),
(343, 353, 42, 1),
(344, 353, 41, 1),
(345, 353, 43, 1),
(346, 354, 2, 1),
(347, 355, 90, 1),
(348, 355, 81, 1),
(349, 356, 2, 1),
(350, 356, 3, 1),
(351, 357, 107, 1),
(352, 357, 918, 1),
(353, 358, 56, 1),
(354, 358, 57, 1),
(355, 359, 10, 1),
(356, 359, 3, 1),
(357, 359, 7, 1),
(358, 360, 3, 1),
(359, 361, 10, 1),
(360, 361, 2, 1),
(361, 362, 2, 1),
(362, 362, 8, 1),
(363, 363, 96, 1),
(364, 363, 2, 1),
(365, 363, 3, 1),
(366, 363, 8, 1),
(367, 364, 3, 1),
(368, 364, 8, 1),
(369, 364, 13, 1),
(370, 365, 107, 1),
(371, 365, 79, 1),
(372, 365, 918, 1),
(373, 365, 2, 1),
(374, 366, 10, 1),
(375, 366, 2, 1),
(376, 367, 10, 1),
(377, 367, 3, 1),
(378, 367, 8, 1),
(379, 368, 3, 1),
(380, 368, 42, 1),
(381, 368, 43, 1),
(382, 369, 107, 1),
(383, 369, 4, 1),
(384, 369, 3, 1),
(385, 369, 8, 1),
(386, 370, 3, 1),
(387, 370, 8, 1),
(388, 370, 6, 1),
(389, 371, 3, 1),
(390, 371, 8, 1),
(391, 371, 6, 1),
(392, 372, 3, 1),
(393, 372, 8, 1),
(394, 372, 6, 1),
(395, 373, 3, 1),
(396, 373, 8, 1),
(397, 373, 6, 1),
(398, 374, 4, 1),
(399, 375, 2, 1),
(400, 375, 3, 1),
(401, 375, 8, 1),
(402, 375, 6, 1),
(403, 376, 3, 1),
(404, 376, 8, 1),
(405, 377, 2, 1),
(406, 377, 3, 1),
(407, 377, 8, 1),
(408, 378, 10, 1),
(409, 378, 5, 1),
(410, 378, 2, 1),
(411, 378, 3, 1),
(412, 379, 10, 1),
(413, 379, 2, 1),
(414, 379, 8, 1),
(415, 380, 2, 1),
(416, 381, 2, 1),
(417, 381, 8, 1),
(418, 382, 107, 1),
(419, 382, 3, 1),
(420, 382, 8, 1),
(421, 382, 13, 1),
(422, 383, 107, 1),
(423, 384, 83, 1),
(424, 384, 10, 1),
(425, 384, 3, 1),
(426, 384, 14, 1),
(427, 385, 24, 1),
(428, 385, 30, 1),
(429, 386, 76, 1),
(430, 386, 87, 1),
(431, 386, 80, 1),
(432, 386, 81, 1),
(433, 387, 152, 1),
(434, 387, 90, 1),
(435, 387, 2, 1),
(436, 387, 3, 1),
(437, 387, 8, 1),
(438, 387, 13, 1),
(439, 387, 155, 1),
(440, 387, 159, 1),
(441, 387, 154, 1),
(442, 387, 158, 1),
(443, 387, 156, 1),
(444, 387, 157, 1),
(445, 388, 10, 1),
(446, 388, 3, 1),
(447, 389, 35, 1),
(448, 389, 10, 1),
(449, 389, 2, 1),
(450, 389, 3, 1),
(451, 389, 13, 1),
(452, 389, 14, 1),
(453, 389, 6, 1),
(454, 389, 7, 1),
(455, 390, 3, 1),
(456, 390, 8, 1),
(457, 391, 79, 1),
(458, 391, 38, 1),
(459, 391, 6, 1),
(460, 392, 4, 1),
(461, 393, 3, 1),
(462, 393, 8, 1),
(463, 393, 41, 1),
(464, 394, 35, 1),
(465, 394, 3, 1),
(466, 394, 8, 1),
(467, 395, 10, 1),
(468, 395, 2, 1),
(469, 395, 3, 1),
(470, 395, 13, 1),
(471, 396, 2, 1),
(472, 396, 3, 1),
(473, 396, 8, 1),
(474, 397, 36, 1),
(475, 397, 10, 1),
(476, 397, 2, 1),
(477, 397, 13, 1),
(478, 398, 5, 1),
(479, 398, 3, 1),
(480, 398, 8, 1),
(481, 398, 1, 1),
(482, 399, 107, 1),
(483, 399, 10, 1),
(484, 399, 4, 1),
(485, 399, 5, 1),
(486, 399, 2, 1),
(487, 400, 10, 1),
(488, 400, 2, 1),
(489, 401, 107, 1),
(490, 401, 2, 1),
(491, 401, 3, 1),
(492, 401, 8, 1),
(493, 401, 13, 1),
(494, 402, 5, 1),
(495, 402, 8, 1),
(496, 403, 5, 1),
(497, 403, 8, 1),
(498, 403, 16, 1),
(499, 404, 10, 1),
(500, 404, 3, 1),
(501, 405, 2, 1),
(502, 406, 10, 1),
(503, 406, 5, 1),
(504, 407, 10, 1),
(505, 407, 5, 1),
(506, 408, 90, 1),
(507, 409, 3, 1),
(508, 410, 10, 1),
(509, 410, 2, 1),
(510, 410, 3, 1),
(511, 410, 13, 1),
(512, 411, 2, 1),
(513, 411, 3, 1),
(514, 411, 8, 1),
(515, 412, 107, 1),
(516, 412, 2, 1),
(517, 412, 32, 1),
(518, 412, 24, 1),
(519, 413, 3, 1),
(520, 414, 10, 1),
(521, 414, 2, 1),
(522, 415, 3, 1),
(523, 416, 4, 1),
(524, 416, 5, 1),
(525, 417, 90, 1),
(526, 417, 10, 1),
(527, 417, 3, 1),
(528, 417, 92, 1),
(529, 418, 79, 1),
(530, 419, 81, 1),
(531, 419, 2, 1),
(532, 419, 3, 1),
(533, 419, 8, 1),
(534, 420, 3, 1),
(535, 420, 1, 1),
(536, 421, 4, 1),
(537, 421, 5, 1),
(538, 421, 44, 1),
(539, 421, 77, 1),
(540, 422, 90, 1),
(541, 422, 4, 1),
(542, 422, 8, 1),
(543, 423, 24, 1),
(544, 423, 30, 1),
(545, 423, 13, 1),
(546, 423, 14, 1),
(547, 423, 43, 1),
(548, 424, 90, 1),
(549, 424, 10, 1),
(550, 424, 2, 1),
(551, 425, 147, 1),
(552, 425, 2, 1),
(553, 426, 152, 1),
(554, 427, 100, 1),
(555, 427, 98, 1),
(556, 427, 99, 1),
(557, 427, 4, 1),
(558, 427, 931, 1),
(559, 428, 2, 1),
(560, 428, 24, 1),
(561, 428, 13, 1),
(562, 429, 2, 1),
(563, 429, 24, 1),
(564, 429, 13, 1),
(565, 430, 2, 1),
(566, 430, 24, 1),
(567, 430, 13, 1),
(568, 431, 10, 1),
(569, 431, 2, 1),
(570, 432, 153, 1),
(571, 432, 156, 1),
(572, 434, 104, 1),
(573, 434, 78, 1),
(574, 434, 2, 1),
(575, 435, 10, 1),
(576, 435, 4, 1),
(577, 435, 914, 1),
(578, 435, 79, 1),
(579, 436, 155, 1),
(580, 436, 153, 1),
(581, 436, 159, 1),
(582, 436, 156, 1),
(583, 437, 2, 1),
(584, 437, 3, 1),
(585, 437, 8, 1),
(586, 438, 155, 1),
(587, 438, 153, 1),
(588, 438, 159, 1),
(589, 438, 154, 1),
(590, 438, 156, 1),
(591, 440, 2, 1),
(592, 441, 2, 1),
(593, 441, 3, 1),
(594, 441, 8, 1),
(595, 442, 2, 1),
(596, 443, 90, 1),
(597, 443, 83, 1),
(598, 443, 81, 1),
(599, 443, 4, 1),
(600, 443, 8, 1),
(601, 444, 10, 1),
(602, 444, 2, 1),
(603, 445, 2, 1),
(604, 446, 10, 1),
(605, 447, 3, 1),
(606, 448, 38, 1),
(607, 448, 36, 1),
(608, 449, 10, 1),
(609, 449, 5, 1),
(610, 450, 10, 1),
(611, 450, 5, 1),
(612, 451, 10, 1),
(613, 451, 5, 1),
(614, 452, 10, 1),
(615, 452, 5, 1),
(616, 453, 4, 1),
(617, 453, 1, 1),
(618, 454, 10, 1),
(619, 455, 4, 1),
(620, 455, 5, 1),
(621, 456, 919, 1),
(622, 456, 2, 1),
(623, 456, 8, 1),
(624, 456, 14, 1),
(625, 457, 107, 1),
(626, 457, 79, 1),
(627, 457, 36, 1),
(628, 457, 35, 1),
(629, 457, 2, 1),
(630, 457, 3, 1),
(631, 457, 8, 1),
(632, 458, 94, 1),
(633, 458, 3, 1),
(634, 459, 4, 1),
(635, 460, 90, 1),
(636, 460, 89, 1),
(637, 460, 79, 1),
(638, 460, 24, 1),
(639, 460, 30, 1),
(640, 460, 91, 1),
(641, 461, 100, 1),
(642, 461, 10, 1),
(643, 462, 10, 1),
(644, 463, 15, 1),
(645, 463, 26, 1),
(646, 464, 2, 1),
(647, 464, 13, 1),
(648, 465, 46, 1),
(649, 466, 94, 1),
(650, 466, 31, 1),
(651, 467, 243, 1),
(652, 468, 2, 1),
(653, 468, 3, 1),
(654, 468, 8, 1),
(655, 469, 100, 1),
(656, 469, 98, 1),
(657, 469, 102, 1),
(658, 469, 101, 1),
(659, 469, 99, 1),
(660, 469, 103, 1),
(661, 469, 24, 1),
(662, 470, 100, 1),
(663, 471, 2, 1),
(664, 471, 164, 1),
(665, 471, 163, 1),
(666, 471, 165, 1),
(667, 473, 2, 1),
(668, 474, 2, 1),
(669, 474, 3, 1),
(670, 476, 3, 1),
(671, 476, 8, 1),
(672, 477, 152, 1),
(673, 477, 871, 1),
(674, 477, 902, 1),
(675, 477, 904, 1),
(676, 477, 155, 1),
(677, 477, 153, 1),
(678, 477, 154, 1),
(679, 478, 107, 1),
(680, 478, 108, 1),
(681, 478, 111, 1),
(682, 478, 138, 1),
(683, 478, 127, 1),
(684, 478, 99, 1),
(685, 479, 107, 1),
(686, 479, 108, 1),
(687, 479, 134, 1),
(688, 479, 111, 1),
(689, 479, 112, 1),
(690, 479, 138, 1),
(691, 479, 100, 1),
(692, 479, 121, 1),
(693, 479, 117, 1),
(694, 479, 106, 1),
(695, 479, 96, 1),
(696, 479, 99, 1),
(697, 479, 2, 1),
(698, 479, 8, 1),
(699, 479, 924, 1),
(700, 480, 867, 1),
(701, 481, 867, 1),
(702, 482, 867, 1),
(703, 483, 867, 1),
(704, 484, 867, 1),
(705, 485, 43, 1),
(706, 485, 40, 1),
(707, 485, 45, 1),
(708, 486, 10, 1),
(709, 486, 3, 1),
(710, 486, 25, 1),
(711, 486, 14, 1),
(712, 487, 87, 1),
(713, 488, 3, 1),
(714, 489, 10, 1),
(715, 489, 2, 1),
(716, 489, 3, 1),
(717, 489, 1, 1),
(718, 490, 2, 1),
(719, 490, 8, 1),
(720, 491, 10, 1),
(721, 491, 2, 1),
(722, 492, 10, 1),
(723, 492, 3, 1),
(724, 493, 81, 1),
(725, 493, 4, 1),
(726, 493, 8, 1),
(727, 494, 10, 1),
(728, 494, 2, 1),
(729, 494, 3, 1),
(730, 495, 2, 1),
(731, 495, 3, 1),
(732, 495, 8, 1),
(733, 496, 2, 1),
(734, 496, 3, 1),
(735, 496, 8, 1),
(736, 497, 10, 1),
(737, 497, 3, 1),
(738, 498, 10, 1),
(739, 498, 3, 1),
(740, 498, 6, 1),
(741, 499, 90, 1),
(742, 499, 79, 1),
(743, 499, 81, 1),
(744, 499, 31, 1),
(745, 499, 27, 1),
(746, 500, 107, 1),
(747, 500, 90, 1),
(748, 500, 2, 1),
(749, 500, 3, 1),
(750, 500, 8, 1),
(751, 500, 13, 1),
(752, 501, 10, 1),
(753, 501, 2, 1),
(754, 501, 3, 1),
(755, 501, 13, 1),
(756, 502, 3, 1),
(757, 502, 8, 1),
(758, 503, 2, 1),
(759, 503, 3, 1),
(760, 503, 8, 1),
(761, 503, 13, 1),
(762, 504, 90, 1),
(763, 504, 83, 1),
(764, 504, 10, 1),
(765, 504, 3, 1),
(766, 504, 8, 1),
(767, 505, 2, 1),
(768, 505, 8, 1),
(769, 506, 2, 1),
(770, 507, 2, 1),
(771, 507, 8, 1),
(772, 508, 2, 1),
(773, 508, 3, 1),
(774, 509, 2, 1),
(775, 509, 3, 1),
(776, 509, 8, 1),
(777, 510, 2, 1),
(778, 510, 8, 1),
(779, 511, 10, 1),
(780, 511, 2, 1),
(781, 511, 3, 1),
(782, 511, 7, 1),
(783, 512, 37, 1),
(784, 512, 2, 1),
(785, 512, 6, 1),
(786, 513, 2, 1),
(787, 513, 13, 1),
(788, 514, 10, 1),
(789, 514, 2, 1),
(790, 515, 32, 1),
(791, 515, 24, 1),
(792, 515, 14, 1),
(793, 516, 5, 1),
(794, 516, 44, 1),
(795, 517, 3, 1),
(796, 517, 8, 1),
(797, 517, 14, 1),
(798, 518, 3, 1),
(799, 518, 13, 1),
(800, 518, 14, 1),
(801, 519, 83, 1),
(802, 519, 2, 1),
(803, 519, 3, 1),
(804, 519, 8, 1),
(805, 519, 7, 1),
(806, 520, 3, 1),
(807, 520, 8, 1),
(808, 521, 2, 1),
(809, 521, 8, 1),
(810, 521, 24, 1),
(811, 521, 13, 1),
(812, 521, 19, 1),
(813, 522, 90, 1),
(814, 522, 79, 1),
(815, 522, 11, 1),
(816, 522, 3, 1),
(817, 523, 10, 1),
(818, 523, 11, 1),
(819, 523, 4, 1),
(820, 523, 5, 1),
(821, 523, 1, 1),
(822, 524, 10, 1),
(823, 524, 3, 1),
(824, 525, 10, 1),
(825, 525, 3, 1),
(826, 526, 10, 1),
(827, 527, 10, 1),
(828, 527, 3, 1),
(829, 528, 10, 1),
(830, 528, 3, 1),
(831, 529, 10, 1),
(832, 529, 3, 1),
(833, 530, 10, 1),
(834, 530, 4, 1),
(835, 530, 5, 1),
(836, 531, 10, 1),
(837, 532, 10, 1),
(838, 532, 3, 1),
(839, 533, 2, 1),
(840, 533, 3, 1),
(841, 533, 8, 1),
(842, 534, 10, 1),
(843, 534, 2, 1),
(844, 534, 3, 1),
(845, 535, 10, 1),
(846, 535, 3, 1),
(847, 536, 10, 1),
(848, 536, 3, 1),
(849, 537, 10, 1),
(850, 537, 3, 1),
(851, 538, 10, 1),
(852, 538, 3, 1),
(853, 539, 10, 1),
(854, 539, 3, 1),
(855, 540, 10, 1),
(856, 540, 2, 1),
(857, 541, 10, 1),
(858, 541, 2, 1),
(859, 541, 3, 1),
(860, 541, 13, 1),
(861, 542, 10, 1),
(862, 542, 3, 1),
(863, 543, 10, 1),
(864, 543, 25, 1),
(865, 543, 14, 1),
(866, 544, 10, 1),
(867, 544, 3, 1),
(868, 545, 3, 1),
(869, 546, 10, 1),
(870, 546, 2, 1),
(871, 546, 3, 1),
(872, 546, 32, 1),
(873, 547, 10, 1),
(874, 547, 3, 1),
(875, 548, 10, 1),
(876, 548, 3, 1),
(877, 549, 10, 1),
(878, 549, 2, 1),
(879, 549, 3, 1),
(880, 550, 10, 1),
(881, 550, 3, 1),
(882, 551, 2, 1),
(883, 551, 3, 1),
(884, 551, 8, 1),
(885, 551, 13, 1),
(886, 552, 24, 1),
(887, 553, 2, 1),
(888, 554, 10, 1),
(889, 554, 2, 1),
(890, 554, 3, 1),
(891, 554, 8, 1),
(892, 554, 9, 1),
(893, 555, 3, 1),
(894, 555, 8, 1),
(895, 556, 83, 1),
(896, 556, 2, 1),
(897, 556, 3, 1),
(898, 556, 8, 1),
(899, 556, 7, 1),
(900, 557, 107, 1),
(901, 557, 5, 1),
(902, 557, 8, 1),
(903, 558, 3, 1),
(904, 559, 3, 1),
(905, 559, 8, 1),
(906, 560, 5, 1),
(907, 561, 3, 1),
(908, 561, 30, 1),
(909, 594, 3, 4),
(910, 594, 8, 6),
(911, 594, 4, 6),
(912, 594, 5, 3),
(913, 594, 19, 1),
(914, 594, 2, 5),
(915, 594, 10, 4),
(916, 594, 83, 2),
(917, 594, 90, 4),
(918, 594, 1, 2),
(919, 594, 15, 1),
(920, 594, 79, 1),
(921, 594, 97, 1),
(922, 594, 928, 1),
(923, 594, 153, 1),
(924, 594, 154, 1),
(925, 594, 99, 2),
(926, 594, 103, 1),
(927, 594, 38, 2),
(928, 594, 6, 1),
(929, 594, 102, 1),
(930, 594, 100, 1),
(931, 594, 96, 1),
(1040, 595, 25, 3);

--
-- Indexes for dumped tables
--

--
-- Indexes for table `customer`
--
ALTER TABLE `customer`
  ADD PRIMARY KEY (`id`),
  ADD UNIQUE KEY `name(abbreviation)` (`name(abbreviation)`);

--
-- Indexes for table `item`
--
ALTER TABLE `item`
  ADD PRIMARY KEY (`id`),
  ADD UNIQUE KEY `item_name` (`item_name`);

--
-- Indexes for table `orders`
--
ALTER TABLE `orders`
  ADD PRIMARY KEY (`id`),
  ADD KEY `customer_id` (`customer_id`),
  ADD KEY `shipment_date` (`shipment_date`);

--
-- Indexes for table `order_items`
--
ALTER TABLE `order_items`
  ADD PRIMARY KEY (`id`),
  ADD UNIQUE KEY `uq_order_item` (`order_id`,`item_id`),
  ADD KEY `fk_order_items_item` (`item_id`);

--
-- AUTO_INCREMENT for dumped tables
--

--
-- AUTO_INCREMENT for table `customer`
--
ALTER TABLE `customer`
  MODIFY `id` int(11) NOT NULL AUTO_INCREMENT, AUTO_INCREMENT=321;

--
-- AUTO_INCREMENT for table `item`
--
ALTER TABLE `item`
  MODIFY `id` int(11) NOT NULL AUTO_INCREMENT, AUTO_INCREMENT=945;

--
-- AUTO_INCREMENT for table `orders`
--
ALTER TABLE `orders`
  MODIFY `id` bigint(20) NOT NULL AUTO_INCREMENT, AUTO_INCREMENT=620;

--
-- AUTO_INCREMENT for table `order_items`
--
ALTER TABLE `order_items`
  MODIFY `id` bigint(20) NOT NULL AUTO_INCREMENT, AUTO_INCREMENT=1041;

--
-- Constraints for dumped tables
--

--
-- Constraints for table `orders`
--
ALTER TABLE `orders`
  ADD CONSTRAINT `fk_orders_customer` FOREIGN KEY (`customer_id`) REFERENCES `customer` (`id`) ON UPDATE CASCADE;

--
-- Constraints for table `order_items`
--
ALTER TABLE `order_items`
  ADD CONSTRAINT `fk_order_items_item` FOREIGN KEY (`item_id`) REFERENCES `item` (`id`) ON UPDATE CASCADE,
  ADD CONSTRAINT `fk_order_items_order` FOREIGN KEY (`order_id`) REFERENCES `orders` (`id`) ON DELETE CASCADE ON UPDATE CASCADE;
COMMIT;

/*!40101 SET CHARACTER_SET_CLIENT=@OLD_CHARACTER_SET_CLIENT */;
/*!40101 SET CHARACTER_SET_RESULTS=@OLD_CHARACTER_SET_RESULTS */;
/*!40101 SET COLLATION_CONNECTION=@OLD_COLLATION_CONNECTION */;
